year,minimum_wage,state,avg_corp_income_tax,progressive_tax,population,avg_unemployment,gdp
1997,5.25,Alaska,5.2,1,608.846,6.9333,25859.1
1998,5.65,Alaska,5.2,1,615.205,6.325,24387.8
1999,5.65,Alaska,5.2,1,619.500,6.4083,24920.4
2000,5.65,Alaska,5.2,1,627.963,6.3167,26934
2001,5.65,Alaska,5.2,1,633.714,6.2833,28660.9
2002,5.65,Alaska,5.2,1,642.337,7.1667,29884.5
2003,7.15,Alaska,5.2,1,648.414,7.6833,32115.8
2004,7.15,Alaska,5.2,1,659.286,7.4167,35389.5
2005,7.15,Alaska,5.2,1,666.946,6.9333,40459.9
2006,7.15,Alaska,5.2,1,675.302,6.6333,44951.7
2007,7.15,Alaska,5.2,1,680.300,6.2583,49456.4
2008,7.15,Alaska,5.2,1,687.455,6.475,55246.7
2009,7.15,Alaska,5.2,1,698.895,7.9833,50165.9
2010,7.75,Alaska,5.2,1,713.982,8.1333,53654
2011,7.75,Alaska,5.2,1,722.349,7.7333,56912.3
2012,7.75,Alaska,5.2,1,730.810,7.25,58320.7
2013,7.75,Alaska,5.2,1,737.626,6.9917,57533
2014,7.75,Alaska,4.7,1,737.075,6.7417,56587.4
2015,8.75,Alaska,4.7,1,738.430,6.275,51574.2
2016,9.75,Alaska,4.7,1,742.575,6.6,51121.8
2017,9.8,Alaska,4.7,1,740.983,6.5083,53550.9
2018,9.84,Alaska,4.7,1,736.624,6.0417,54762
2019,9.89,Alaska,4.7,1,733.603,5.6083,54549.6
2020,10.19,Alaska,4.7,0,732.964,8.35,51283.4
2021,10.34,Alaska,4.7,1,734.923,6.3833,58943.5
2022,10.34,Alaska,4.7,1,733.276,4.2333,66271.9
2023,10.85,Alaska,4.7,1,733.406,4.2167,68056
1997,4.75,Alabama,5,0,4320.281,4.9333,105381.4
1998,5.15,Alabama,5,0,4351.037,4.4583,110838.8
1999,5.15,Alabama,5,0,4369.862,4.725,116514.3
2000,5.15,Alabama,5,0,4452.173,4.625,120522.6
2001,5.15,Alabama,5,0,4467.634,5.1833,123534.5
2002,5.15,Alabama,6.5,0,4480.089,5.925,128380.9
2003,5.15,Alabama,6.5,0,4503.491,5.9833,135212.6
2004,5.15,Alabama,6.5,0,4530.729,5.575,148379.1
2005,5.15,Alabama,6.5,0,4569.805,4.4583,158677.3
2006,5.15,Alabama,6.5,0,4628.981,4,166048.2
2007,5.15,Alabama,6.5,0,4672.840,4.0417,172247
2008,5.85,Alabama,6.5,0,4718.206,5.8833,174665.6
2009,6.55,Alabama,6.5,0,4757.938,10.0833,170876.5
2010,7.25,Alabama,6.5,0,4785.514,10.375,177510.7
2011,7.25,Alabama,6.5,0,4799.642,9.5833,182896.7
2012,7.25,Alabama,6.5,0,4816.632,8.1583,188280.7
2013,7.25,Alabama,6.5,0,4831.586,7.325,193981.5
2014,7.25,Alabama,6.5,0,4843.737,6.7333,197064.4
2015,7.25,Alabama,6.5,0,4854.803,6.125,203113.3
2016,7.25,Alabama,6.5,0,4866.824,5.9083,208824.3
2017,7.25,Alabama,6.5,0,4877.989,4.5083,216615.5
2018,7.25,Alabama,6.5,0,4891.628,3.9417,226263.8
2019,7.25,Alabama,6.5,0,4907.965,3.1833,234798.2
2020,7.25,Alabama,6.5,0,5031.864,6.4083,235325.3
2021,7.25,Alabama,6.5,0,5050.380,3.375,260018.4
2022,7.25,Alabama,6.5,0,5073.903,2.5167,284949.1
2023,7.25,Alabama,6.5,0,5108.468,2.4917,304935.6
1997,4.25,Arkansas,3.75,1,2524.007,5.1083,59925
1998,5.15,Arkansas,3.75,1,2538.202,5.05,62852
1999,5.15,Arkansas,3.75,1,2551.373,4.5333,67279
2000,5.15,Arkansas,3.75,1,2678.588,4.175,69176.3
2001,5.15,Arkansas,3.75,1,2691.571,4.7583,71099.6
2002,5.15,Arkansas,3.75,0,2705.927,5.3333,74453.1
2003,5.15,Arkansas,3.75,1,2724.816,5.7583,79009.7
2004,5.15,Arkansas,3.75,1,2749.686,5.5833,85928.6
2005,5.15,Arkansas,3.75,1,2781.097,5.2583,91133.4
2006,5.15,Arkansas,3.75,1,2821.761,5.25,96073.7
2007,6.25,Arkansas,3.75,1,2848.650,5.3917,98325
2008,6.25,Arkansas,3.75,1,2874.554,5.4417,100206.7
2009,6.25,Arkansas,3.75,1,2896.843,7.725,97783.9
2010,6.25,Arkansas,3.75,1,2921.998,7.8583,101699.3
2011,6.25,Arkansas,3.75,1,2941.038,7.9083,105697.6
2012,6.25,Arkansas,3.75,1,2952.876,7.2667,108836
2013,6.25,Arkansas,3.75,1,2960.459,7.0417,114021.1
2014,6.25,Arkansas,3.75,1,2968.759,5.9,117388.7
2015,7.5,Arkansas,3.75,1,2979.732,4.95,118573.6
2016,8,Arkansas,1,0,2991.815,3.9833,120987.4
2017,8.5,Arkansas,3.75,1,3003.855,3.7417,123882.6
2018,8.5,Arkansas,3.75,1,3012.161,3.6583,129213.8
2019,9.25,Arkansas,3.75,1,3020.985,3.4917,132625.8
2020,10.00,Arkansas,3.75,1,3014.348,6.1833,136198.4
2021,11.00,Arkansas,3.6,1,3028.443,4.0417,154052.5
2022,11.00,Arkansas,3.15,1,3046.404,3.2083,168605.8
2023,11.00,Arkansas,3.15,1,3067.732,3.225,178606.4
1997,4.75,Arizona,9,0,4552.207,4.625,132694.8
1998,5.15,Arizona,9,0,4667.277,4.275,144393.2
1999,5.15,Arizona,9,0,4778.332,4.4583,156442.1
2000,5.15,Arizona,8,0,5160.586,3.9833,165735.6
2001,5.15,Arizona,8,0,5273.477,4.725,172899.6
2002,5.15,Arizona,6.968,0,5396.255,6.1417,180844.5
2003,5.15,Arizona,6.968,0,5510.364,5.7833,194318
2004,5.15,Arizona,6.968,0,5652.404,4.9667,207246.3
2005,5.15,Arizona,6.968,0,5839.077,4.6667,227997.8
2006,5.15,Arizona,6.968,0,6029.141,4.3083,246061.1
2007,6.75,Arizona,6.968,0,6167.681,3.75,261152.8
2008,6.9,Arizona,6.968,0,6280.362,5.7917,261005.8
2009,7.25,Arizona,6.968,0,6343.154,9.6667,244862.2
2010,7.25,Arizona,6.968,0,6407.342,10.3,250527
2011,7.35,Arizona,6.968,0,6473.416,9.4333,261691.4
2012,7.65,Arizona,6.968,0,6556.344,8.35,272703.3
2013,7.8,Arizona,6.968,0,6634.690,7.8167,278679.5
2014,7.9,Arizona,6.5,0,6732.873,6.7917,286676
2015,8.05,Arizona,6.5,0,6832.810,6.075,298942.2
2016,8.05,Arizona,5.5,0,6944.767,5.4833,313787.1
2017,10,Arizona,4.9,0,7048.088,4.975,333099
2018,10.5,Arizona,4.9,0,7164.228,4.8083,353671
2019,11,Arizona,4.9,0,7291.843,4.8083,375376.7
2020,12.00,Arizona,4.9,0,7186.683,7.825,388956.7
2021,12.15,Arizona,4.9,0,7272.487,5.0667,436778.6
2022,12.80,Arizona,4.9,0,7365.684,3.775,484052.2
2023,13.85,Arizona,4.9,0,7431.344,3.9083,522767.2
1997,4.75,California,9.3,0,32217.708,6.4083,1068048.6
1998,5.15,California,8.84,0,32682.794,5.9333,1143672.5
1999,5.15,California,8.84,0,33145.121,5.2667,1239773.5
2000,5.75,California,8.84,0,33987.977,4.925,1354791.3
2001,6.25,California,8.84,0,34479.458,5.4667,1373270.8
2002,6.75,California,8.84,0,34871.843,6.7583,1419321.8
2003,6.75,California,8.84,0,35253.159,6.8917,1498578
2004,6.75,California,8.84,0,35574.576,6.2167,1585081.4
2005,6.75,California,8.84,0,35827.943,5.3833,1698858.4
2006,6.75,California,8.84,0,36021.202,4.9167,1812161.6
2007,7.5,California,8.84,0,36250.311,5.3083,1900220.4
2008,8,California,8.84,0,36604.337,7.3,1946241.5
2009,8,California,8.84,0,36961.229,11.5417,1879809.5
2010,8,California,8.84,0,37319.550,12.4583,1938603.3
2011,8,California,8.84,0,37636.311,11.8917,2014050.3
2012,8,California,8.84,0,37944.551,10.525,2108873.1
2013,8,California,8.84,0,38253.768,9.0333,2223300.9
2014,9,California,8.84,0,38586.706,7.5667,2342218.8
2015,9,California,8.84,0,38904.296,6.225,2487156.4
2016,10,California,8.84,0,39149.186,5.5167,2586485.2
2017,10.5,California,8.4,0,39337.785,4.8333,2740550.3
2018,11,California,8.84,0,39437.463,4.2583,2899530.9
2019,12.00,California,8.84,0,39437.610,4.1,3068629.7
2020,12.00,California,8.84,0,39503.200,10.1917,3076755.1
2021,13.00,California,8.84,0,39145.060,7.325,3423958.3
2022,14.00,California,8.84,0,39040.616,4.275,3660415.7
2023,15.50,California,8.84,0,38965.193,4.7417,3870378.9
1997,4.75,Colorado,5,0,3891.293,3.3583,136624.4
1998,5.15,Colorado,5,0,3968.967,3.6167,149653.7
1999,5.15,Colorado,5,0,4056.133,3.0167,162411.7
2000,5.15,Colorado,4.75,0,4326.921,2.7417,179303.3
2001,5.15,Colorado,4.75,0,4425.687,3.8167,185848.9
2002,5.15,Colorado,4.63,0,4490.406,5.6833,189604.6
2003,5.15,Colorado,4.63,0,4528.732,6.1083,195137.6
2004,5.15,Colorado,4.63,0,4575.013,5.5667,203743.3
2005,5.15,Colorado,4.63,0,4631.888,5.075,220803.8
2006,5.15,Colorado,4.63,0,4720.423,4.275,232853.6
2007,6.85,Colorado,4.63,0,4803.868,3.7,248571.6
2008,7.02,Colorado,4.63,0,4889.730,4.875,257606.1
2009,7.28,Colorado,4.63,0,4972.195,7.875,249817.1
2010,7.24,Colorado,4.63,0,5047.539,9.1417,256771.8
2011,7.36,Colorado,4.63,0,5121.900,8.6917,266114.1
2012,7.64,Colorado,4.63,0,5193.660,8,274738.8
2013,7.78,Colorado,4.63,0,5270.774,6.75,291265.3
2014,8,Colorado,4.63,0,5352.637,4.9833,309223.9
2015,8.23,Colorado,4.63,0,5454.328,3.7417,320895.9
2016,8.31,Colorado,4.63,0,5543.844,3.1333,330565.9
2017,9.3,Colorado,4.63,0,5617.421,2.6083,350209.1
2018,10.2,Colorado,4.63,0,5697.155,3.05,373923.1
2019,11.1,Colorado,4.63,0,5758.486,2.6667,397843.6
2020,12.00,Colorado,4.63,0,5785.219,6.7833,396741.9
2021,12.32,Colorado,4.55,0,5811.596,5.4833,445835.7
2022,12.56,Colorado,4.55,0,5841.039,3.0667,494672.8
2023,13.65,Colorado,4.4,0,5877.610,3.15,529626.5
1997,4.77,Connecticut,10.75,0,3268.514,4.6833,138467
1998,5.18,Connecticut,10.5,0,3272.563,3.2417,145299.2
1999,5.18,Connecticut,10.5,0,3282.031,2.4583,152093.7
2000,6.15,Connecticut,7.5,0,3411.777,2.1083,165523.4
2001,6.4,Connecticut,7.5,0,3432.835,2.875,171124.4
2002,6.7,Connecticut,7.5,0,3458.749,4.4,172929.7
2003,6.9,Connecticut,7.5,0,3484.336,5.45,177814.8
2004,7.1,Connecticut,7.5,0,3496.094,5.0917,194722.9
2005,7.1,Connecticut,7.5,0,3506.956,4.8,204504.6
2006,7.4,Connecticut,7.5,0,3517.460,4.425,219812.2
2007,7.65,Connecticut,7.5,0,3527.270,4.45,232626.8
2008,7.65,Connecticut,7.5,0,3545.579,5.65,236110.7
2009,8,Connecticut,7.5,0,3561.807,8.325,231628
2010,8.25,Connecticut,7.5,0,3579.173,9.5583,234022.2
2011,8.25,Connecticut,7.5,0,3588.632,9.0167,233058.7
2012,8.25,Connecticut,7.5,0,3595.211,8.3583,239907.5
2013,8.25,Connecticut,7.5,0,3595.792,7.95,240549.2
2014,8.7,Connecticut,7.5,0,3595.697,6.6167,247114.7
2015,9.15,Connecticut,7.5,0,3588.561,5.6167,260648.5
2016,9.6,Connecticut,7.5,0,3579.830,4.8667,264760.4
2017,10.1,Connecticut,7.5,0,3575.324,4.4167,273875.1
2018,10.1,Connecticut,7.5,0,3574.561,3.8833,280535.4
2019,11.00,Connecticut,7.5,0,3566.022,3.5917,286451.9
2020,12.00,Connecticut,7.5,0,3577.586,8,278029.4
2021,13.00,Connecticut,7.5,0,3603.691,6.3833,296801.3
2022,14.00,Connecticut,7.5,0,3608.706,4.0917,321686.4
2023,14.00,Connecticut,7.5,0,3617.176,3.7083,345911.9
1997,5.75,District of Columbia,9.5,0,528.752,8.1417,52581.6
1998,6.15,District of Columbia,9.975,0,521.426,8.3167,54877.4
1999,6.15,District of Columbia,9.975,0,519.000,6.575,58948.8
2000,6.15,District of Columbia,9.975,0,572.046,5.6917,61267.7
2001,6.15,District of Columbia,9.975,0,574.504,6.4667,65620
2002,6.15,District of Columbia,9.975,0,573.158,6.9833,70078
2003,6.15,District of Columbia,9.975,0,568.502,7.275,74047
2004,6.15,District of Columbia,9.975,0,567.754,8.0833,80600.7
2005,6.6,District of Columbia,9.975,0,567.136,6.9917,85414.5
2006,7,District of Columbia,9.975,0,570.681,6.325,88350.9
2007,7,District of Columbia,9.975,0,574.404,5.95,94013.8
2008,7,District of Columbia,9.975,0,580.236,6.85,99240.4
2009,7.55,District of Columbia,9.975,0,592.228,10,100430.1
2010,8.25,District of Columbia,9.975,0,605.282,9.95,106128.6
2011,8.25,District of Columbia,9.975,0,620.290,10.1917,109953.9
2012,8.25,District of Columbia,9.975,0,635.737,8.975,112512.7
2013,8.25,District of Columbia,9.975,0,651.559,8.4333,114832.7
2014,9.5,District of Columbia,9.975,0,663.603,7.7083,119998
2015,10.5,District of Columbia,9.4,0,677.014,6.9167,124753.6
2016,11.5,District of Columbia,9.4,0,687.576,6.2333,129933.5
2017,12.5,District of Columbia,9,0,697.079,6.1,134298.8
2018,13.25,District of Columbia,8.25,0,704.147,5.6833,141240.2
2019,14.00,District of Columbia,8.25,0,708.253,5.5,145071.4
2020,15.00,District of Columbia,8.25,0,670.839,7.8917,146660.1
2021,15.20,District of Columbia,8.25,0,669.037,6.875,156537.5
2022,16.10,District of Columbia,8.25,0,670.949,4.75,165768.4
2023,16.50,District of Columbia,8.25,0,678.972,4.875,176501.7
1997,5,Delaware,8.7,0,735.024,4.0083,33302.2
1998,5.15,Delaware,8.7,0,744.066,3.4917,37170.6
1999,5.15,Delaware,8.7,0,753.538,3.2833,40446.5
2000,5.65,Delaware,8.7,0,786.373,3.6083,43559.6
2001,6.15,Delaware,8.7,0,795.699,3.575,46373.8
2002,6.15,Delaware,8.7,0,806.169,4.2667,45865.4
2003,6.15,Delaware,8.7,0,818.003,4.4667,47839.6
2004,6.15,Delaware,8.7,0,830.803,4.3,51674.1
2005,6.15,Delaware,8.7,0,845.150,4.5083,52048.6
2006,6.15,Delaware,8.7,0,859.268,3.9083,55567.7
2007,6.65,Delaware,8.7,0,871.749,3.6083,56705.6
2008,7.15,Delaware,8.7,0,883.874,5.0333,55250.8
2009,7.15,Delaware,8.7,0,891.730,8.3417,57729.9
2010,7.25,Delaware,8.7,0,899.647,8.6583,58132.2
2011,7.25,Delaware,8.7,0,907.590,7.6083,61379.4
2012,7.25,Delaware,8.7,0,915.518,7.0667,62342.1
2013,7.25,Delaware,8.7,0,924.062,6.6083,62058.2
2014,7.75,Delaware,8.7,0,933.131,5.6083,68606
2015,8.25,Delaware,8.7,0,942.065,4.7917,72352.5
2016,8.25,Delaware,8.7,0,949.989,4.525,70021.5
2017,8.25,Delaware,8.7,0,957.942,4.4667,69555.6
2018,8.25,Delaware,8.7,0,966.985,3.7083,73376
2019,9.25,Delaware,8.7,0,976.668,3.55,78710.5
2020,9.25,Delaware,8.7,0,991.862,7.475,77520.3
2021,9.25,Delaware,8.7,0,1004.881,5.475,83069.8
2022,10.50,Delaware,8.7,0,1019.459,4.2333,92558.2
2023,11.75,Delaware,8.7,0,1031.890,3.9833,98068.7
1997,4.75,Florida,5.5,0,14683.350,4.925,401744.2
1998,5.15,Florida,5.5,0,14908.230,4.45,428595.6
1999,5.15,Florida,5.5,0,15111.244,3.9333,457607
2000,5.15,Florida,5.5,0,16047.515,3.7583,490094.4
2001,5.15,Florida,5.5,0,16356.966,4.425,519140.7
2002,5.15,Florida,5.5,0,16689.370,4.9583,553359.9
2003,5.15,Florida,5.5,0,17004.085,4.4667,590284.8
2004,5.15,Florida,5.5,0,17415.318,3.75,647041.8
2005,5.15,Florida,5.5,0,17842.038,2.875,704890.3
2006,6.4,Florida,5.5,0,18166.990,2.4667,749925
2007,6.67,Florida,5.5,0,18367.842,3.3,781947.3
2008,6.79,Florida,5.5,0,18527.305,5.6917,767357.8
2009,7.21,Florida,5.5,0,18652.644,9.5583,739322.4
2010,7.25,Florida,5.5,0,18846.143,10.825,752998.4
2011,7.25,Florida,5.5,0,19055.607,10,761043.1
2012,7.67,Florida,5.5,0,19302.016,8.6667,784545.9
2013,7.79,Florida,5.5,0,19551.678,7.5333,819679.8
2014,7.93,Florida,5.5,0,19853.880,6.4333,860112.6
2015,8.05,Florida,5.5,0,20219.111,5.525,918464.3
2016,8.05,Florida,5.5,0,20627.237,4.9167,964500.8
2017,8.10,Florida,5.5,0,20977.089,4.3,1014866.9
2018,8.25,Florida,5.5,0,21254.926,3.65,1072085.6
2019,8.46,Florida,5.5,0,21492.056,3.25,1133718
2020,8.56,Florida,4.458,0,21591.299,8.1917,1142004.4
2021,10.00,Florida,4.458,0,21830.708,4.6917,1298631.2
2022,10.00,Florida,5.5,0,22245.521,2.9917,1465281.1
2023,11.00,Florida,5.5,0,22610.726,2.9083,1600810.6
1997,3.25,Georgia,6,0,7486.094,4.4833,242371.9
1998,3.25,Georgia,6,0,7636.522,4.1833,265146.4
1999,3.25,Georgia,6,0,7788.240,3.8167,289048.9
2000,3.25,Georgia,6,0,8227.303,3.5333,305323.7
2001,3.25,Georgia,6,0,8377.038,4.0917,316872.7
2002,5.15,Georgia,6,0,8508.256,5.3083,326017.9
2003,5.15,Georgia,6,0,8622.793,5.1417,339540.5
2004,5.15,Georgia,6,0,8769.252,5.0833,364530.1
2005,5.15,Georgia,6,0,8925.922,5.6833,388707.2
2006,5.15,Georgia,6,0,9155.813,5.075,405664.2
2007,5.15,Georgia,6,0,9349.988,4.9083,419384.8
2008,5.15,Georgia,6,0,9504.843,6.7833,416303.5
2009,5.15,Georgia,6,0,9620.846,10.4083,409876.2
2010,5.15,Georgia,6,0,9712.209,10.6583,419013.1
2011,5.15,Georgia,6,0,9803.630,10.1583,433137.1
2012,5.15,Georgia,6,0,9903.580,9.0417,449375.6
2013,5.15,Georgia,6,0,9975.592,8.1417,467559.5
2014,5.15,Georgia,6,0,10071.204,7.1417,493370.3
2015,5.15,Georgia,6,0,10183.353,6.075,525516.8
2016,5.15,Georgia,6,0,10308.442,5.4667,554903.2
2017,5.15,Georgia,6,0,10417.031,4.7583,583543.3
2018,5.15,Georgia,6,0,10519.389,4,612803.4
2019,7.25,Georgia,5.75,0,10628.020,3.575,646695.8
2020,7.25,Georgia,5.75,0,10732.390,6.5,640223.6
2021,7.25,Georgia,5.75,0,10790.385,3.9333,705546.7
2022,7.25,Georgia,5.75,0,10913.150,3.1417,779684
2023,7.25,Georgia,5.75,0,11029.227,3.2,831827.7
1997,5.25,Hawaii,5.4,1,1189.322,5.925,37701.7
1998,5.25,Hawaii,5.4,1,1190.472,5.825,37503
1999,5.25,Hawaii,5.4,1,1185.497,5.1917,38970.4
2000,5.25,Hawaii,5.4,1,1213.519,4.25,41089.4
2001,5.25,Hawaii,5.4,1,1225.948,4.275,42500.2
2002,5.75,Hawaii,5.4,1,1239.613,4.05,44949.5
2003,6.25,Hawaii,5.4,1,1251.154,3.9083,48420.7
2004,6.25,Hawaii,5.4,1,1273.569,3.2917,52625.7
2005,6.25,Hawaii,5.4,1,1292.729,2.825,57211.8
2006,6.75,Hawaii,5.4,1,1309.731,2.55,60848
2007,7.25,Hawaii,5.4,1,1315.675,2.725,64106
2008,7.25,Hawaii,5.4,1,1332.213,4.0333,65545.5
2009,7.25,Hawaii,5.4,1,1346.717,6.6583,64464.3
2010,7.25,Hawaii,5.4,1,1364.004,6.825,66739.3
2011,7.25,Hawaii,5.4,1,1379.562,6.8333,68801.1
2012,7.25,Hawaii,5.4,1,1395.199,5.9,71645.6
2013,7.25,Hawaii,5.4,1,1408.822,4.7583,74598.5
2014,7.25,Hawaii,5.4,1,1415.335,4.2333,77043
2015,7.75,Hawaii,5.4,1,1422.999,3.4167,81410.2
2016,8.5,Hawaii,5.4,1,1428.885,2.8917,84287.2
2017,9.25,Hawaii,5.4,1,1425.763,2.2167,87436.4
2018,10.1,Hawaii,5.4,1,1423.102,2.4083,90933.5
2019,10.1,Hawaii,5.4,1,1415.615,2.5167,93240.2
2020,10.10,Hawaii,5.4,1,1451.181,11.7917,84885.8
2021,10.10,Hawaii,5.4,1,1446.745,5.9583,93400.4
2022,12.00,Hawaii,5.4,1,1439.399,3.2583,103153.1
2023,12.00,Hawaii,5.4,1,1435.138,2.9333,110265.4
1997,4.75,Iowa,9,1,2854.396,3.1417,82808.8
1998,5.15,Iowa,9,1,2861.025,2.8417,84629.7
1999,5.15,Iowa,9,1,2869.413,2.6583,87774.3
2000,5.15,Iowa,9,1,2929.067,2.6833,93125.6
2001,5.15,Iowa,9,1,2931.997,3.325,94922.6
2002,5.15,Iowa,9,1,2934.234,4,98669.4
2003,5.15,Iowa,9,1,2941.999,4.45,105329.7
2004,5.15,Iowa,9,1,2953.635,4.525,117149.8
2005,5.15,Iowa,9,1,2964.454,4.2917,122866.1
2006,5.15,Iowa,9,1,2982.644,3.7,127670.8
2007,5.15,Iowa,9,1,2999.212,3.7167,137590.2
2008,7.25,Iowa,9,1,3016.734,4.1833,137749.2
2009,7.25,Iowa,9,1,3032.870,6.4,137094.3
2010,7.25,Iowa,9,1,3050.819,6.1167,142497.7
2011,7.25,Iowa,9,1,3066.772,5.65,149026.1
2012,7.25,Iowa,9,1,3076.844,5.0583,158553.1
2013,7.25,Iowa,9,1,3093.935,4.725,162415
2014,7.25,Iowa,9,1,3110.643,4.225,173734.2
2015,7.25,Iowa,9,1,3122.541,3.6917,181471.7
2016,7.25,Iowa,9,1,3133.210,3.575,183834.8
2017,7.25,Iowa,9,1,3143.734,3.0583,187125
2018,7.25,Iowa,9,1,3149.900,2.575,193155.1
2019,7.25,Iowa,9,1,3159.596,2.6583,196262.5
2020,7.25,Iowa,9,1,3190.904,5.2,198609.6
2021,7.25,Iowa,7.65,1,3197.944,3.85,223870.9
2022,7.25,Iowa,7.65,1,3199.693,2.8083,242752.9
2023,7.25,Iowa,6.95,1,3207.004,2.9583,254032
1997,4.25,Idaho,8,0,1210.638,5.2167,29699.5
1998,5.15,Idaho,8,0,1230.923,5.2333,31352.7
1999,5.15,Idaho,8,0,1251.700,5.0083,34512.8
2000,5.15,Idaho,8,0,1299.430,4.6583,38344.1
2001,5.15,Idaho,8,0,1319.962,5.0833,37740.9
2002,5.15,Idaho,7.6,0,1340.372,5.6167,38990.7
2003,5.15,Idaho,7.6,0,1363.380,5.5667,40778.6
2004,5.15,Idaho,7.6,0,1391.802,4.8667,44732.9
2005,5.15,Idaho,7.6,0,1428.241,3.9917,48805.1
2006,5.15,Idaho,7.6,0,1468.669,3.425,51099
2007,5.15,Idaho,7.6,0,1505.105,3.025,53712.4
2008,5.85,Idaho,7.6,0,1534.320,5.0333,56203.6
2009,6.55,Idaho,7.6,0,1554.439,8.7083,54507.9
2010,7.25,Idaho,7.6,0,1570.819,8.7583,56086.2
2011,7.25,Idaho,7.6,0,1584.272,8.1667,57418.2
2012,7.25,Idaho,7.6,0,1595.910,7.4,57933.7
2013,7.25,Idaho,7.4,0,1612.053,6.8167,61712.6
2014,7.25,Idaho,7.4,0,1632.248,4.3833,64501.7
2015,7.25,Idaho,7.4,0,1652.495,3.8667,66064.9
2016,7.25,Idaho,7.4,0,1684.036,3.675,69185.2
2017,7.25,Idaho,7.4,0,1719.745,3.2167,72935.1
2018,7.25,Idaho,7.4,0,1752.074,2.875,79072.4
2019,7.25,Idaho,6.925,0,1789.060,2.8833,84429.4
2020,7.25,Idaho,6.925,0,1849.339,5.5417,88099.3
2021,7.25,Idaho,6.925,0,1904.537,3.55,99839.1
2022,7.25,Idaho,6.5,0,1938.996,2.8417,112290.1
2023,7.25,Idaho,6.5,0,1964.726,3.0833,120958.3
1997,4.75,Illinois,7.3,0,12011.509,4.775,416015.1
1998,5.15,Illinois,7.3,0,12069.774,4.45,436533.4
1999,5.15,Illinois,7.3,0,12128.370,4.4083,459971.6
2000,5.15,Illinois,7.3,0,12434.161,4.4417,486089.7
2001,5.15,Illinois,7.3,0,12488.445,5.4333,499618.4
2002,5.15,Illinois,7.3,0,12525.556,6.55,511485.9
2003,5.15,Illinois,7.3,0,12556.006,6.725,528577
2004,5.5,Illinois,7.3,0,12589.773,6.175,560079.8
2005,6.5,Illinois,7.3,0,12609.903,5.7167,589153.7
2006,6.5,Illinois,7.3,0,12643.955,4.6,624068.1
2007,6.5,Illinois,7.3,0,12695.866,5.0667,649307.4
2008,7.5,Illinois,7.3,0,12747.038,6.5083,649677.3
2009,7.75,Illinois,7.3,0,12796.778,10.1833,645843.2
2010,8,Illinois,7.3,0,12840.545,10.4667,663929
2011,8.25,Illinois,9.5,0,12867.783,9.7583,691805.5
2012,8.25,Illinois,9.5,0,12883.029,9.05,725478
2013,8.25,Illinois,9.5,0,12895.778,9.075,742890.9
2014,8.25,Illinois,9.5,0,12885.092,7.1667,772291.7
2015,8.25,Illinois,7.75,0,12859.585,5.9917,802592
2016,8.25,Illinois,7.75,0,12821.709,5.8833,813561.6
2017,8.25,Illinois,7.75,0,12779.893,4.95,832826.8
2018,8.25,Illinois,9.5,0,12724.685,4.4,871024.2
2019,8.25,Illinois,9.5,0,12667.017,3.9667,895601.8
2020,10.00,Illinois,9.5,0,12790.357,9.3083,860672.8
2021,11.00,Illinois,9.5,0,12690.341,6.1,946776.2
2022,12.00,Illinois,9.5,0,12582.515,4.5667,1040353.3
2023,13.00,Illinois,9.5,0,12549.689,4.4583,1098346.1
1997,3.35,Indiana,7.9,0,5872.370,3.4167,170924.6
1998,3.35,Indiana,7.9,0,5907.617,3.0083,185336.3
1999,3.35,Indiana,7.9,0,5942.901,2.95,193659.9
2000,5.15,Indiana,7.9,0,6091.866,3.05,204147.3
2001,5.15,Indiana,7.9,0,6127.760,4.2417,205325.1
2002,5.15,Indiana,7.9,0,6155.967,5.1917,213419.6
2003,5.15,Indiana,8.5,0,6196.638,5.275,225349.3
2004,5.15,Indiana,8.5,0,6233.007,5.4,239278.5
2005,5.15,Indiana,8.5,0,6278.616,5.3917,247428.3
2006,5.15,Indiana,8.5,0,6332.669,5,259030.3
2007,5.15,Indiana,8.5,0,6379.599,4.625,273340.8
2008,5.85,Indiana,8.5,0,6424.806,5.9417,277774.5
2009,6.55,Indiana,8.6,0,6459.325,10.4333,264925
2010,7.25,Indiana,8.5,0,6490.555,10.0833,284685.8
2011,7.25,Indiana,8.5,0,6517.250,8.9083,292373.8
2012,7.25,Indiana,8.5,0,6538.989,8.225,301277.4
2013,7.25,Indiana,8,0,6570.575,7.5,313466.9
2014,7.25,Indiana,7.5,0,6596.019,5.95,329360.9
2015,7.25,Indiana,7,0,6611.442,4.7833,333163.8
2016,7.25,Indiana,6.5,0,6637.898,4.3667,342716.6
2017,7.25,Indiana,6.25,0,6662.068,3.4917,357535.8
2018,7.25,Indiana,6,0,6698.481,3.4333,377376.9
2019,7.25,Indiana,5.75,0,6731.010,3.3083,384838.7
2020,7.25,Indiana,5.5,0,6789.098,7.35,378633.6
2021,7.25,Indiana,5.5,0,6813.798,3.9167,425863.8
2022,7.25,Indiana,4.9,0,6832.274,3.0667,473492.9
2023,7.25,Indiana,4.9,0,6862.199,3.3417,499503.1
1997,2.65,Kansas,4,0,2616.339,3.7917,74643.2
1998,2.65,Kansas,4,0,2638.667,3.675,78242.3
1999,2.65,Kansas,4,0,2654.052,3.4833,81609.7
2000,2.65,Kansas,4,0,2693.681,3.775,85990.5
2001,2.65,Kansas,4,0,2702.162,4.2667,88869.7
2002,2.65,Kansas,4,0,2713.535,5.0833,91359
2003,2.65,Kansas,4,0,2723.004,5.55,95236.3
2004,2.65,Kansas,4,0,2734.373,5.5083,98913.7
2005,2.65,Kansas,4,0,2745.299,5.0667,105343.9
2006,2.65,Kansas,4,0,2762.931,4.425,113831.8
2007,2.65,Kansas,4,0,2783.785,4.2333,123608.9
2008,2.65,Kansas,4,0,2808.076,4.6083,129223.2
2009,2.65,Kansas,5.55,1,2832.704,6.8917,126049.7
2010,7.25,Kansas,4,0,2858.266,6.9333,129235.7
2011,7.25,Kansas,4,0,2869.677,6.3833,136747.1
2012,7.25,Kansas,4,0,2886.024,5.7167,141812.1
2013,7.25,Kansas,4,0,2894.306,5.3,144999.3
2014,7.25,Kansas,4,0,2901.861,4.5083,150276.1
2015,7.25,Kansas,4,0,2910.717,4.15,155699
2016,7.25,Kansas,4,0,2912.977,4.0167,162144.5
2017,7.25,Kansas,4,0,2910.892,3.6167,166273.6
2018,7.25,Kansas,4,0,2912.748,3.3583,173373
2019,7.25,Kansas,4,0,2912.635,3.1583,176068.8
2020,7.25,Kansas,4,0,2938.124,5.8167,177209.6
2021,7.25,Kansas,4,0,2937.946,3.35,191738.1
2022,7.25,Kansas,4,0,2936.716,2.625,212611.6
2023,7.25,Kansas,4,0,2940.546,2.65,228232.4
1997,4.25,Kentucky,6.125,1,3907.816,5.225,104878.1
1998,4.25,Kentucky,6.125,1,3934.310,4.5083,110020.1
1999,4.25,Kentucky,6.125,1,3960.825,4.4917,115592.7
2000,5.15,Kentucky,6.125,1,4049.021,4.1417,114549.6
2001,5.15,Kentucky,6.125,1,4068.132,5.2083,117767.9
2002,5.15,Kentucky,6.125,1,4089.875,5.7917,122731.2
2003,5.15,Kentucky,6.125,1,4117.170,6.1917,128289.6
2004,5.15,Kentucky,6.125,1,4146.101,5.5,135694.5
2005,5.15,Kentucky,6.125,1,4182.742,5.875,144914.9
2006,5.15,Kentucky,5.5,1,4219.239,5.725,153009.8
2007,5.15,Kentucky,5.5,1,4256.672,5.3667,156900
2008,5.85,Kentucky,5.5,1,4289.878,6.525,160700.2
2009,6.55,Kentucky,5,1,4317.074,10.7667,157440.1
2010,7.25,Kentucky,5,1,4348.464,10.2667,166656.3
2011,7.25,Kentucky,5,1,4370.817,9.375,171238.1
2012,7.25,Kentucky,5,1,4387.865,8.2,178370.6
2013,7.25,Kentucky,5,1,4406.906,7.9167,184920.6
2014,7.25,Kentucky,5,1,4416.992,6.4167,188326.4
2015,7.25,Kentucky,5,1,4429.126,5.2333,194621.2
2016,7.25,Kentucky,5,1,4440.306,5.0333,197944.8
2017,7.25,Kentucky,5,1,4455.590,4.775,203564
2018,7.25,Kentucky,5,1,4464.273,4.2,210509.1
2019,7.25,Kentucky,5,0,4472.345,4.0917,220678.8
2020,7.25,Kentucky,5,0,4508.155,6.4667,218539.7
2021,7.25,Kentucky,5,0,4507.600,4.4667,238428.9
2022,7.25,Kentucky,5,0,4511.563,4.025,261540.7
2023,7.25,Kentucky,5,0,4526.154,4.1583,279707.5
1997,4.75,Louisiana,6,1,4351.390,5.8833,116423.1
1998,5.15,Louisiana,6,1,4362.758,5.5167,120228.8
1999,5.15,Louisiana,6,1,4372.035,4.975,125667.3
2000,5.15,Louisiana,6,1,4471.885,5.15,132375.8
2001,5.15,Louisiana,6,1,4477.875,5.6,138204.3
2002,5.15,Louisiana,6,1,4497.267,5.9917,140082.8
2003,5.15,Louisiana,6,1,4521.042,6.2833,155198.7
2004,5.15,Louisiana,6,1,4552.238,5.7,170999.6
2005,5.15,Louisiana,6,1,4576.628,7.0583,199314.2
2006,5.15,Louisiana,6,1,4302.665,4.1333,207249.8
2007,5.15,Louisiana,6,1,4375.581,4.0917,203771.3
2008,5.85,Louisiana,6,1,4435.586,4.6667,213803.5
2009,6.55,Louisiana,6,1,4491.648,6.7917,206111.5
2010,7.25,Louisiana,5,1,4544.635,7.5167,226555.6
2011,7.25,Louisiana,6,1,4576.244,7.4333,230518.7
2012,7.25,Louisiana,6,1,4602.067,6.7667,235960.9
2013,7.25,Louisiana,6,1,4626.040,6.4167,231652.7
2014,7.25,Louisiana,6,1,4645.938,6.25,240965
2015,7.25,Louisiana,6,1,4666.998,6.2917,234324.2
2016,7.25,Louisiana,6,1,4681.346,6.0667,227440.3
2017,7.25,Louisiana,6,1,4673.673,5.1083,239830.7
2018,7.25,Louisiana,6,1,4664.450,4.825,256444.4
2019,7.25,Louisiana,6,1,4658.285,4.625,257499
2020,7.25,Louisiana,6,0,4652.022,8.6917,236216.3
2021,7.25,Louisiana,6,1,4627.047,5.6,267263.6
2022,7.25,Louisiana,5.5,1,4588.023,3.6333,298424.5
2023,7.25,Louisiana,5.5,1,4573.749,3.6417,314988.6
1997,5.25,Massachusetts,9.5,0,6115.476,4.0583,236435.6
1998,5.25,Massachusetts,9.5,0,6144.407,3.375,247686.8
1999,5.25,Massachusetts,9.5,0,6175.169,3.2833,262868.8
2000,6,Massachusetts,9.5,0,6361.104,2.8167,287091.4
2001,6.75,Massachusetts,9.5,0,6397.634,3.7833,294876.4
2002,6.75,Massachusetts,9.5,0,6417.206,5.2167,299915.8
2003,6.75,Massachusetts,9.5,0,6422.565,5.7333,309736.1
2004,6.75,Massachusetts,9.5,0,6412.281,5.1083,324919
2005,6.75,Massachusetts,9.5,0,6403.290,4.8,340637.8
2006,6.75,Massachusetts,9.5,0,6410.084,4.7,358418.3
2007,7.5,Massachusetts,9.5,0,6431.559,4.5167,377985.6
2008,8,Massachusetts,9.5,0,6468.967,5.3333,387923.4
2009,8,Massachusetts,9.5,0,6517.613,8.075,388963.9
2010,8,Massachusetts,8.75,0,6566.440,8.0583,409270
2011,8,Massachusetts,8.75,0,6614.218,7.225,423684.9
2012,8,Massachusetts,8,0,6664.269,6.7,441373.9
2013,8,Massachusetts,8,0,6715.158,6.6417,452580.4
2014,8,Massachusetts,8,0,6764.864,5.7417,469824.9
2015,9,Massachusetts,8,0,6797.484,4.7917,497767
2016,10,Massachusetts,8,0,6827.280,4.0417,514108
2017,11,Massachusetts,8,0,6863.560,3.7917,530129.4
2018,11,Massachusetts,8,0,6885.720,3.475,559605
2019,12,Massachusetts,8,0,6894.883,3.025,588069.5
2020,12.75,Massachusetts,8,0,6997.713,9.375,592653
2021,13.50,Massachusetts,8,0,6991.951,5.4,649511.4
2022,14.25,Massachusetts,8,0,6982.740,3.6583,695612.1
2023,15.00,Massachusetts,8,0,7001.399,3.3417,736296.3
1997,4.75,Maryland,7,0,5092.914,4.8083,159167.8
1998,5.15,Maryland,7,0,5130.072,4.2417,169360.1
1999,5.15,Maryland,7,0,5171.634,3.4583,179779.6
2000,5.15,Maryland,7,0,5311.034,3.5167,191430.2
2001,5.15,Maryland,7,0,5374.691,4.2083,205276
2002,5.15,Maryland,7,0,5440.389,4.775,217001.4
2003,5.15,Maryland,7,0,5496.269,4.8,226803.4
2004,5.15,Maryland,7,0,5546.935,4.6167,243449.8
2005,5.15,Maryland,7,0,5592.379,4.475,261795.3
2006,5.15,Maryland,7,0,5627.367,4.175,273791
2007,6.15,Maryland,7,0,5653.408,3.7333,282618.2
2008,6.15,Maryland,8.3,0,5684.965,4.525,292908.3
2009,6.55,Maryland,8.25,0,5730.388,7.55,298282.8
2010,7.25,Maryland,8.25,0,5788.784,7.825,313930.5
2011,7.25,Maryland,8.25,0,5840.241,7.3167,324920.9
2012,7.25,Maryland,8.25,0,5888.375,6.8667,331869
2013,7.25,Maryland,8.25,0,5925.197,6.5167,339895.8
2014,7.25,Maryland,8.25,0,5960.064,5.7333,351743.1
2015,8.25,Maryland,8.25,0,5988.528,4.9917,367314.1
2016,8.75,Maryland,8.25,0,6007.014,4.2917,386496.4
2017,9.25,Maryland,8.25,0,6028.186,4,399714.5
2018,10.1,Maryland,8.25,0,6042.153,3.8167,410771.8
2019,10.1,Maryland,8.25,0,6054.954,3.375,419391.6
2020,11.00,Maryland,8.25,0,6173.689,6.4667,413455.4
2021,11.75,Maryland,8.25,0,6175.045,5.225,447753.6
2022,12.50,Maryland,8.25,0,6163.981,2.9833,484907.6
2023,13.25,Maryland,8.25,0,6180.253,2.1,515607.3
1997,4.75,Maine,6.215,1,1245.215,5.1917,30574.2
1998,5.15,Maine,6.215,1,1247.554,4.4583,32412.8
1999,5.15,Maine,6.215,1,1253.040,4.0083,34714.7
2000,5.15,Maine,6.215,1,1277.072,3.3333,37222
2001,5.15,Maine,6.215,1,1285.692,3.75,38925.7
2002,5.75,Maine,6.215,1,1295.960,4.4583,40664.1
2003,6.25,Maine,6.215,1,1306.513,5.15,42493.4
2004,6.25,Maine,6.215,1,1313.688,4.6583,45233.1
2005,6.35,Maine,6.215,1,1318.787,4.8917,47028.1
2006,6.5,Maine,6.215,1,1323.619,4.7167,48889.3
2007,6.75,Maine,6.215,1,1327.040,4.6917,50291.3
2008,7,Maine,6.215,1,1330.509,5.4,51001.9
2009,7.25,Maine,6.215,1,1329.590,8.3917,51451.2
2010,7.5,Maine,6.125,1,1327.651,8.4167,52802.5
2011,7.5,Maine,6.215,1,1328.473,7.725,53104.5
2012,7.5,Maine,6.215,1,1328.094,7.1917,54018.5
2013,7.5,Maine,6.215,1,1328.543,6.6833,54924.8
2014,7.5,Maine,6.215,1,1331.217,5.5583,56537.4
2015,7.5,Maine,6.215,1,1329.098,4.3833,58755.8
2016,7.5,Maine,6.215,1,1332.348,3.775,61092.2
2017,9,Maine,6.215,1,1335.743,3.3583,63000.6
2018,10,Maine,6.215,1,1340.123,3.175,66216
2019,11,Maine,6.215,1,1345.770,2.9083,69708.7
2020,12.00,Maine,6.215,1,1364.517,5.1167,72077.1
2021,12.15,Maine,6.215,1,1378.787,4.6667,79193.9
2022,12.75,Maine,6.215,1,1389.338,2.85,86493.3
2023,13.80,Maine,6.215,1,1395.722,2.8333,93270
1997,3.35,Michigan,2.3,0,9785.450,4.2917,299832.7
1998,5.15,Michigan,2.3,0,9820.231,3.975,311088.2
1999,5.15,Michigan,2.3,0,9863.775,3.7417,337150.2
2000,5.15,Michigan,2,0,9952.450,3.6917,351879.5
2001,5.15,Michigan,2,0,9991.120,5.1583,349127.5
2002,5.15,Michigan,2,0,10015.710,6.1917,363372.1
2003,5.15,Michigan,0,0,10041.152,7.0917,376123.8
2004,5.15,Michigan,0,0,10055.315,6.95,388764.6
2005,5.15,Michigan,0,0,10051.137,6.7917,402828.8
2006,5.15,Michigan,0,0,10036.081,7.0333,402537.3
2007,6.95,Michigan,0,0,10001.284,7.0833,410613
2008,7.15,Michigan,4.95,0,9946.889,8.2167,391633.6
2009,7.4,Michigan,4.95,0,9901.591,13.1333,371707
2010,7.4,Michigan,4.95,0,9877.597,12.1917,393179.6
2011,7.4,Michigan,4.95,0,9883.053,10.0083,408354.1
2012,7.4,Michigan,6,0,9898.289,9.0583,426141.1
2013,7.4,Michigan,6,0,9914.802,8.725,441470.8
2014,8.15,Michigan,6,0,9932.033,7.2333,456123.5
2015,8.15,Michigan,6,0,9934.483,5.425,479222.7
2016,8.5,Michigan,6,0,9954.117,5.0083,494752.5
2017,8.9,Michigan,6,0,9976.752,4.575,505101.5
2018,9.25,Michigan,6,0,9987.286,4.1583,525240.8
2019,9.45,Michigan,6,0,9984.795,4.05,540237.3
2020,9.65,Michigan,6,0,10070.627,10.05,529675.6
2021,9.65,Michigan,6,0,10038.117,5.7667,575116.4
2022,9.87,Michigan,6,0,10033.281,4.1333,627009.1
2023,10.10,Michigan,6,0,10037.261,3.8917,673818.1
1997,4.25,Minnesota,9.8,0,4687.726,3.225,157345.9
1998,5.15,Minnesota,9.8,0,4726.411,2.675,167867.4
1999,5.15,Minnesota,9.8,0,4775.508,2.7083,176780.4
2000,5.15,Minnesota,9.8,0,4933.692,3.0333,192389.5
2001,5.15,Minnesota,9.8,0,4982.796,3.775,196869.4
2002,5.15,Minnesota,9.8,0,5018.935,4.4667,204061.1
2003,5.15,Minnesota,9.8,0,5053.572,4.7833,215975.1
2004,5.15,Minnesota,9.8,0,5087.713,4.5833,231949.4
2005,5.15,Minnesota,9.8,0,5119.598,4.1,244635.4
2006,6.15,Minnesota,9.8,0,5163.555,4.0583,252357.6
2007,6.16,Minnesota,9.8,0,5207.203,4.5833,261250.7
2008,6.16,Minnesota,9.8,0,5247.018,5.4333,268771.5
2009,6.16,Minnesota,9.8,0,5281.203,7.9083,262628.8
2010,6.16,Minnesota,9.8,0,5310.934,7.3917,274649.2
2011,6.16,Minnesota,9.8,0,5346.620,6.525,287070.8
2012,6.16,Minnesota,9.8,0,5377.500,5.65,298641.4
2013,6.15,Minnesota,9.8,0,5414.722,5.0417,311752.1
2014,8,Minnesota,9.8,0,5452.665,4.2667,324701.5
2015,9,Minnesota,9.8,0,5484.002,3.7917,336762
2016,9.5,Minnesota,9.8,0,5525.360,3.875,345248.8
2017,9.5,Minnesota,9.8,0,5569.283,3.4833,354721.9
2018,9.65,Minnesota,9.8,0,5608.762,3.025,372439.2
2019,9.86,Minnesota,9.8,0,5640.053,3.275,384850.2
2020,10.00,Minnesota,9.8,0,5710.578,6.2833,378746.6
2021,10.08,Minnesota,9.8,0,5717.968,3.7,416538.7
2022,10.33,Minnesota,9.8,0,5714.300,2.5333,454992.8
2023,10.59,Minnesota,9.8,0,5737.915,2.825,483162.1
1997,4.75,Missouri,6.25,0,5407.113,4.35,163101.1
1998,5.15,Missouri,6.25,0,5437.562,4.0333,170122.2
1999,5.15,Missouri,6.25,0,5468.338,3.2333,178215.9
2000,5.15,Missouri,6.25,0,5607.285,3.4167,187012.8
2001,5.15,Missouri,6.25,0,5641.142,4.4917,190388.7
2002,5.15,Missouri,6.25,0,5674.825,5.2833,197399
2003,5.15,Missouri,6.25,0,5709.403,5.6583,206005.2
2004,5.15,Missouri,6.25,0,5747.741,5.875,216977.5
2005,5.15,Missouri,6.25,0,5790.300,5.4,227594.6
2006,5.15,Missouri,6.25,0,5842.704,4.875,235816.9
2007,6.5,Missouri,6.25,0,5887.612,5.0833,244085.3
2008,6.65,Missouri,6.25,0,5923.916,6.2167,256431.1
2009,7.05,Missouri,6.25,0,5961.088,9.025,254306.2
2010,7.25,Missouri,6.25,0,5996.089,9.5083,262013.4
2011,7.25,Missouri,6.25,0,6011.182,8.6417,263330
2012,7.25,Missouri,6.25,0,6026.027,7.1917,272482.4
2013,7.35,Missouri,6.25,0,6042.989,6.775,282659.7
2014,7.5,Missouri,6.25,0,6059.130,6.15,289340.7
2015,7.65,Missouri,6.25,0,6075.411,5.1083,299597.7
2016,7.65,Missouri,6.25,0,6091.384,4.55,304143.3
2017,7.70,Missouri,6.25,0,6111.382,3.7417,311273.8
2018,7.85,Missouri,6.25,0,6125.986,3.2417,320451.6
2019,8.6,Missouri,6.25,0,6140.475,3.25,334750.2
2020,9.45,Missouri,4,0,6154.426,6.2167,335285.1
2021,10.30,Missouri,4,0,6170.393,4.1417,366441.5
2022,11.15,Missouri,4,0,6177.168,2.6,400265.1
2023,12.00,Missouri,4,0,6196.156,3.0583,430114.4
1997,4.75,Mississippi,4,1,2731.826,5.7,58517.2
1998,5.15,Mississippi,4,1,2751.335,5.2417,61332.3
1999,5.15,Mississippi,4,1,2768.619,5.1083,64276.5
2000,5.15,Mississippi,4,1,2848.353,5.325,66051.5
2001,5.15,Mississippi,4,1,2852.994,5.4917,67750.2
2002,5.15,Mississippi,4,1,2858.681,6.425,69704.9
2003,5.15,Mississippi,4,1,2868.312,6.1417,74418.4
2004,5.15,Mississippi,4,1,2889.010,6.1583,78680.1
2005,5.15,Mississippi,4,1,2905.943,7.6,82991.6
2006,5.15,Mississippi,4,1,2904.978,6.375,87596.7
2007,5.15,Mississippi,4,1,2928.350,6.15,91876.5
2008,5.85,Mississippi,4,1,2947.806,6.7083,95179.3
2009,6.55,Mississippi,4,1,2958.774,9.3583,92378
2010,7.25,Mississippi,4,1,2970.615,10.0833,94788.3
2011,7.25,Mississippi,4,1,2979.147,9.775,96799.1
2012,7.25,Mississippi,4,1,2984.599,8.825,100905.4
2013,7.25,Mississippi,4,1,2989.839,8.4917,103042.6
2014,7.25,Mississippi,4,1,2991.892,7.5917,105219.5
2015,7.25,Mississippi,4,1,2990.231,6.4833,106623.9
2016,7.25,Mississippi,4,1,2990.595,5.9667,107795.4
2017,7.25,Mississippi,4,1,2990.674,5.2333,110281.4
2018,7.25,Mississippi,4,1,2982.879,4.9583,113166.4
2019,7.25,Mississippi,5,1,2978.227,5.5,116135.7
2020,7.25,Mississippi,2.5,1,2958.409,8.0333,116709.4
2021,7.25,Mississippi,2.5,1,2949.582,5.4583,129944.7
2022,7.25,Mississippi,2.5,1,2938.928,3.7833,142762.3
2023,7.25,Mississippi,2.5,1,2939.690,3.2,151146.7
1997,4.75,Montana,6.75,0,878.706,5.5,19301.7
1998,5.15,Montana,6.75,0,879.533,5.6083,20414.4
1999,5.15,Montana,6.75,0,882.779,5.3083,20815.1
2000,5.15,Montana,6.75,0,903.773,4.8333,21935.4
2001,5.15,Montana,6.75,0,906.961,4.6083,22798
2002,5.15,Montana,6.75,0,911.667,4.55,23886
2003,5.15,Montana,6.75,0,919.630,4.7417,25781.1
2004,5.15,Montana,6.75,0,930.009,4.5083,28138.8
2005,5.15,Montana,6.75,0,940.102,4.0667,30823.7
2006,5.15,Montana,6.75,0,952.692,3.3417,33088
2007,6.15,Montana,6.75,0,964.706,3.3583,36116.1
2008,6.25,Montana,6.75,0,976.415,4.725,37028
2009,6.9,Montana,6.75,0,983.982,7.1167,35880
2010,7.25,Montana,6.75,0,990.730,7.1833,38080.3
2011,7.35,Montana,6.75,0,997.518,6.625,40592.3
2012,7.65,Montana,6.75,0,1004.168,5.8,42150.2
2013,7.8,Montana,6.75,0,1014.158,5.3417,43584
2014,7.9,Montana,6.75,0,1022.657,4.6667,45203.8
2015,8.05,Montana,6.75,0,1031.495,4.2917,46542.4
2016,8.05,Montana,6.75,0,1042.137,4.325,45859.4
2017,8.15,Montana,6.75,0,1053.862,4.0917,48470.5
2018,8.3,Montana,6.75,0,1061.818,3.75,51152.1
2019,8.5,Montana,6.75,0,1070.123,3.5,52715.6
2020,8.65,Montana,6.75,0,1087.211,5.8417,52958.8
2021,8.75,Montana,6.75,0,1106.366,3.4,60399.7
2022,9.20,Montana,6.75,0,1122.878,2.6833,68702
2023,9.95,Montana,6.75,0,1132.812,2.8583,73254.5
1997,4.25,North Carolina,7.75,0,7428.672,3.8333,234571.9
1998,5.15,North Carolina,7.25,0,7545.828,3.5333,246721.8
1999,5.15,North Carolina,7.25,0,7650.789,3.2833,264924.3
2000,5.15,North Carolina,6.9,0,8081.614,3.7583,277556.1
2001,5.15,North Carolina,6.9,0,8210.122,5.625,287317.1
2002,5.15,North Carolina,6.9,0,8326.201,6.925,297653
2003,5.15,North Carolina,6.9,0,8422.501,6.7167,310200.3
2004,5.15,North Carolina,6.9,0,8553.152,5.8583,329017.7
2005,5.15,North Carolina,6.9,0,8705.407,5.6,354798.5
2006,5.15,North Carolina,6.9,0,8917.270,5.1333,388012.1
2007,6.15,North Carolina,6.9,0,9118.037,5.0917,402188.3
2008,6.15,North Carolina,6.9,0,9309.449,6.2083,420707.2
2009,6.55,North Carolina,6.9,0,9449.566,11.0333,413096.8
2010,7.25,North Carolina,6.9,0,9574.586,10.7167,422282.2
2011,7.25,North Carolina,6.9,0,9658.913,10.2333,430040.1
2012,7.25,North Carolina,6.9,0,9751.810,9.5167,444063.2
2013,7.25,North Carolina,6.9,0,9846.717,7.7333,460946.4
2014,7.25,North Carolina,6,0,9937.295,6.1083,482295.7
2015,7.25,North Carolina,5,0,10037.218,5.6583,508672.4
2016,7.25,North Carolina,4,0,10161.802,5.1,528284.3
2017,7.25,North Carolina,3,0,10275.758,4.525,546810.1
2018,7.25,North Carolina,3,0,10391.358,3.9917,568037.3
2019,7.25,North Carolina,2.5,0,10501.384,3.8833,592449.6
2020,7.25,North Carolina,2.5,0,10453.812,7.2833,600683.3
2021,7.25,North Carolina,2.5,0,10567.100,4.8833,662147.1
2022,7.25,North Carolina,2.5,0,10695.965,3.6833,728498.7
2023,7.25,North Carolina,2.5,0,10835.491,3.4583,788103.2
1997,4.75,North Dakota,6.75,1,640.945,2.95,15796.6
1998,5.15,North Dakota,6.75,1,637.808,2.95,16842.7
1999,5.15,North Dakota,6.75,1,633.666,3.1417,17083.7
2000,5.15,North Dakota,6.75,1,642.023,2.925,18115.1
2001,5.15,North Dakota,6.75,1,639.062,2.8333,18976.9
2002,5.15,North Dakota,6.75,1,638.168,3.375,20195.6
2003,5.15,North Dakota,6.75,1,638.817,3.475,22129.9
2004,5.15,North Dakota,6.75,1,644.705,3.3833,23209.6
2005,5.15,North Dakota,4.8,1,646.089,3.3083,24572
2006,5.15,North Dakota,4.8,1,649.422,3.1,26406.5
2007,5.15,North Dakota,4.8,1,652.822,3.0167,29044.6
2008,5.85,North Dakota,4.55,1,657.569,3.1083,32027.7
2009,6.55,North Dakota,4.55,1,664.968,3.9167,32310.4
2010,7.25,North Dakota,4.25,1,674.752,3.6917,35651.8
2011,7.25,North Dakota,6.58,1,685.526,3.3583,41602.1
2012,7.25,North Dakota,3.45,1,702.227,2.9333,52079.1
2013,7.25,North Dakota,3.415,1,723.149,2.8917,54877
2014,7.25,North Dakota,3.105,1,738.736,2.6167,61108.3
2015,7.25,North Dakota,3,1,755.537,2.7833,56952.2
2016,7.25,North Dakota,2.86,1,756.114,3.1,52666.3
2017,7.25,North Dakota,2.86,1,756.755,2.6083,56530.2
2018,7.25,North Dakota,2.86,1,760.062,2.4083,60377.1
2019,7.25,North Dakota,2.86,1,763.724,2.1417,60892.5
2020,7.25,North Dakota,2.86,1,779.563,4.95,55568.5
2021,7.25,North Dakota,2.86,1,777.982,3,63838.5
2022,7.25,North Dakota,2.86,1,778.912,2,73780
2023,7.25,North Dakota,2.86,1,783.926,1.8833,76043.3
1997,4.25,Nebraska,6.695,1,1656.042,2.4083,49880
1998,5.15,Nebraska,6.695,1,1660.772,2.5083,51849.9
1999,5.15,Nebraska,6.695,1,1666.028,2.7167,53714.2
2000,5.15,Nebraska,6.695,1,1713.820,2.7917,56582.7
2001,5.15,Nebraska,6.695,1,1719.836,3.15,59634.3
2002,5.15,Nebraska,6.695,1,1728.292,3.6833,61569.5
2003,5.15,Nebraska,6.695,1,1738.643,3.9417,66471.7
2004,5.15,Nebraska,6.695,1,1749.370,3.9083,70445.4
2005,5.15,Nebraska,6.695,1,1761.497,3.7583,74886.7
2006,5.15,Nebraska,6.695,1,1772.693,3.0417,79287.5
2007,5.15,Nebraska,6.695,1,1783.440,2.925,84291.9
2008,5.85,Nebraska,6.695,1,1796.378,3.2583,86146.6
2009,6.55,Nebraska,6.695,1,1812.683,4.6583,87325.5
2010,7.25,Nebraska,6.69,1,1829.591,4.7,91940.7
2011,7.25,Nebraska,6.695,1,1840.914,4.4,100526.5
2012,7.25,Nebraska,6.695,1,1853.691,3.8833,102949.7
2013,7.25,Nebraska,6.695,1,1865.813,3.675,107247
2014,7.25,Nebraska,6.695,1,1879.955,3.25,112763.3
2015,8,Nebraska,6.695,1,1892.059,2.9833,117402.3
2016,9,Nebraska,6.695,1,1906.483,3.0667,119389.8
2017,9,Nebraska,6.695,1,1916.998,2.975,123219.9
2018,9,Nebraska,6.695,1,1925.512,2.925,127954.4
2019,9,Nebraska,6.69,1,1932.571,3.125,132848.2
2020,9.00,Nebraska,6.7,1,1963.273,4.275,135149.4
2021,9.00,Nebraska,6.7,1,1964.253,2.5833,150836.1
2022,9.00,Nebraska,6.54,1,1968.060,2.1417,167480.2
2023,10.50,Nebraska,6.415,1,1978.379,2.2667,181285
1997,4.75,New Hampshire,7,0,1173.239,3.3667,38122.5
1998,5.15,New Hampshire,7,0,1185.823,2.8333,40747.7
1999,5.15,New Hampshire,7,0,1201.134,2.75,42292.4
2000,5.15,New Hampshire,8,0,1239.882,2.65,45604.9
2001,5.15,New Hampshire,8,0,1255.517,3.3917,47037.3
2002,5.15,New Hampshire,8.5,0,1269.089,4.4917,49109.6
2003,5.15,New Hampshire,8.5,0,1279.840,4.4667,51609.7
2004,5.15,New Hampshire,8.5,0,1290.121,3.8,54545.7
2005,5.15,New Hampshire,8.5,0,1298.492,3.625,56914.6
2006,5.15,New Hampshire,8.5,0,1308.389,3.5333,60152.7
2007,5.15,New Hampshire,8.5,0,1312.540,3.525,61984.8
2008,6.5,New Hampshire,8.5,0,1315.906,3.7667,62095.3
2009,7.25,New Hampshire,8.5,0,1316.102,6.1417,63052.2
2010,7.25,New Hampshire,8.5,0,1316.807,6.0833,65310.8
2011,7.25,New Hampshire,8.5,0,1320.444,5.45,66557.3
2012,7.25,New Hampshire,8.5,0,1324.677,5.4667,68412
2013,7.25,New Hampshire,8.5,0,1327.272,5.25,70897.4
2014,7.25,New Hampshire,8.5,0,1334.257,4.325,73455.1
2015,7.25,New Hampshire,8.5,0,1337.480,3.3917,77385.8
2016,7.25,New Hampshire,8.5,0,1343.694,2.8833,79759.7
2017,7.25,New Hampshire,8.2,0,1350.395,2.8083,81179.6
2018,7.25,New Hampshire,8.2,0,1355.064,2.625,83859.4
2019,7.25,New Hampshire,7.7,0,1360.783,2.575,87868.2
2020,7.25,New Hampshire,7.7,0,1378.702,6.7417,88527.7
2021,7.25,New Hampshire,7.7,0,1387.494,3.4083,99092.6
2022,7.25,New Hampshire,7.6,0,1399.003,2.275,106488
2023,7.25,New Hampshire,7.6,0,1402.054,2.1667,114100.8
1997,5.05,New Jersey,7.5,0,8054.178,5.325,307140.9
1998,5.05,New Jersey,9,0,8095.542,4.5583,318104
1999,5.05,New Jersey,9,0,8143.412,4.4,334966.4
2000,5.15,New Jersey,9,0,8430.621,3.65,360530.4
2001,5.15,New Jersey,9,0,8492.671,4.2333,372819.2
2002,5.15,New Jersey,9,0,8552.643,5.7667,385045.6
2003,5.15,New Jersey,9,0,8601.402,5.8417,399996.5
2004,5.15,New Jersey,9,0,8634.561,4.925,415490.8
2005,5.15,New Jersey,9,0,8651.974,4.4417,436064.4
2006,6.15,New Jersey,9,0,8661.679,4.6167,457681.5
2007,7.15,New Jersey,9,0,8677.885,4.2083,474539.6
2008,7.15,New Jersey,9,0,8711.090,5.45,493289.4
2009,7.15,New Jersey,7.75,1,8755.602,8.9333,481452.7
2010,7.25,New Jersey,9,0,8799.451,9.6583,491229
2011,7.25,New Jersey,9,0,8828.552,9.375,494292.8
2012,7.25,New Jersey,9,0,8845.671,9.3833,516098.2
2013,7.25,New Jersey,9,0,8857.821,8.375,534212.1
2014,8.25,New Jersey,9,0,8867.277,6.7333,543824.1
2015,8.38,New Jersey,9,0,8870.312,5.7,565807.7
2016,8.38,New Jersey,9,0,8873.584,4.9417,578651.4
2017,8.44,New Jersey,9,0,8888.147,4.5333,590086.7
2018,8.6,New Jersey,9,0,8891.730,4.0083,619340.2
2019,10.00,New Jersey,9,0,8891.258,3.4583,643317.7
2020,11.00,New Jersey,9,0,9272.392,9.475,631552.3
2021,12.00,New Jersey,9,0,9269.175,6.7083,695443.2
2022,13.00,New Jersey,9,0,9260.817,3.8667,758288.7
2023,14.13,New Jersey,9,0,9290.841,4.4167,806665.2
1997,4.25,New Mexico,6.2,1,1722.939,6.4333,52575.6
1998,4.25,New Mexico,6.2,1,1733.535,6.2417,50573.1
1999,4.25,New Mexico,6.2,1,1739.844,5.6,52801.9
2000,4.25,New Mexico,6.2,1,1821.204,5.025,55002.2
2001,4.25,New Mexico,6.2,1,1831.690,4.9583,55660.2
2002,4.25,New Mexico,6.2,1,1855.309,5.4833,57718.3
2003,4.25,New Mexico,6.2,1,1877.574,5.9,62867.9
2004,5.15,New Mexico,6.2,1,1903.808,5.5583,70593.4
2005,5.15,New Mexico,6.2,1,1932.274,5.1833,74130.9
2006,5.15,New Mexico,6.2,1,1962.137,4.2333,78008.2
2007,5.15,New Mexico,6.2,1,1990.070,3.5917,81100.3
2008,6.5,New Mexico,6.2,1,2010.662,4.3,84339.7
2009,7.5,New Mexico,6.2,0,2036.802,7.05,82641.3
2010,7.5,New Mexico,6.2,1,2064.614,7.775,84862.6
2011,7.5,New Mexico,6.2,1,2080.707,7.2167,87056
2012,7.5,New Mexico,6.2,1,2087.715,6.9667,87681
2013,7.5,New Mexico,6.2,1,2092.833,6.9083,88773.3
2014,7.5,New Mexico,6.05,1,2090.236,6.5917,92523.4
2015,7.5,New Mexico,5.85,1,2090.071,6.6,90779.4
2016,7.5,New Mexico,5.7,1,2092.555,6.75,90476
2017,7.5,New Mexico,5.5,1,2092.844,6.0417,93210.1
2018,7.5,New Mexico,5.35,1,2093.754,4.925,98838.2
2019,7.5,New Mexico,5.35,1,2099.634,4.9583,103821
2020,9.00,New Mexico,5.35,1,2118.488,7.925,100656.4
2021,10.50,New Mexico,5.35,1,2116.950,7.0667,112978.5
2022,11.50,New Mexico,5.35,1,2113.476,4.0583,128138.8
2023,12.00,New Mexico,5.35,1,2114.371,3.75,135009.6
1997,4.75,Nevada,0,0,1675.581,4.375,60255
1998,5.15,Nevada,0,0,1743.772,4.175,65332.2
1999,5.15,Nevada,0,0,1809.253,3.9667,71825.3
2000,5.15,Nevada,0,0,2018.741,4.1167,77181.5
2001,5.15,Nevada,0,0,2098.399,5.1917,80968.6
2002,5.15,Nevada,0,0,2173.791,5.6833,85541
2003,5.15,Nevada,0,0,2248.850,5.2833,91365
2004,5.15,Nevada,0,0,2346.222,4.4583,104132
2005,5.15,Nevada,0,0,2432.143,4.125,117165.1
2006,5.15,Nevada,0,0,2522.658,4.0667,126613.4
2007,6.15,Nevada,0,0,2601.072,4.5917,132045.4
2008,6.33,Nevada,0,0,2653.630,6.8833,130570.9
2009,6.85,Nevada,0,0,2684.665,11.725,122471.2
2010,7.55,Nevada,0,0,2702.483,13.7333,125149
2011,8.25,Nevada,0,0,2713.114,13.3167,128638.4
2012,8.25,Nevada,0,0,2744.670,11.6083,130238.2
2013,8.25,Nevada,0,0,2776.956,9.9667,133592.5
2014,8.25,Nevada,0,0,2818.935,8.1583,136918.4
2015,8.25,Nevada,0,0,2868.531,6.85,145786.8
2016,8.25,Nevada,0,0,2919.555,5.8083,153318
2017,8.25,Nevada,0,0,2972.097,4.9833,163199.1
2018,8.25,Nevada,0,0,3030.725,4.3833,172547.9
2019,8.25,Nevada,0,0,3090.771,4.15,184611.1
2020,9.00,Nevada,0,0,3115.840,13.7167,176296.3
2021,9.75,Nevada,0,0,3146.632,6.8333,201705.7
2022,9.50,Nevada,0,0,3177.421,5.2,227320.6
2023,9.50,Nevada,0,0,3194.176,5.1417,245978.8
1997,4.25,New York,9,0,18143.184,6.4,716104.7
1998,4.25,New York,9,0,18159.175,5.6,744958.9
1999,4.25,New York,9,0,18196.601,5.1833,794009.5
2000,4.25,New York,8.5,0,19001.780,4.5083,839853
2001,5.15,New York,8.5,0,19082.838,4.875,876285.2
2002,5.15,New York,8,0,19137.800,6.2,885386.2
2003,5.15,New York,7.5,0,19175.939,6.4,908535.2
2004,5.15,New York,7.5,0,19171.567,5.7917,958565.3
2005,6,New York,7.5,0,19132.610,4.9583,1009851
2006,6.75,New York,7.5,0,19104.631,4.5333,1072271.8
2007,7.15,New York,7.5,0,19132.335,4.4333,1116265.3
2008,7.15,New York,7.5,0,19212.436,5.4083,1107860.2
2009,7.15,New York,7.1,0,19307.066,8.3667,1155492.3
2010,7.25,New York,7.1,0,19399.956,8.7167,1217748
2011,7.25,New York,7.1,0,19499.921,8.3583,1245769.4
2012,7.25,New York,7.1,0,19574.362,8.625,1324471.3
2013,7.25,New York,7.1,0,19626.488,7.7917,1364632.9
2014,8,New York,7.1,0,19653.431,6.2917,1434606.3
2015,8.75,New York,7.1,0,19657.321,5.2333,1498474.7
2016,9,New York,6.5,0,19636.391,4.875,1556830
2017,9.7,New York,6.5,0,19593.849,4.6333,1624800.7
2018,10.4,New York,6.5,0,19544.098,4.1,1710665.6
2019,11.1,New York,6.5,0,19463.131,3.8583,1787470.9
2020,11.80,New York,6.5,0,20104.710,9.8917,1773369.8
2021,12.50,New York,6.5,0,19854.526,7.0917,1923413.3
2022,13.20,New York,6.5,0,19673.200,4.325,2052758.8
2023,14.20,New York,6.5,0,19571.216,4.2083,2172009.6
1997,4.25,Ohio,7,1,11212.498,4.625,343513.7
1998,4.25,Ohio,7,1,11237.752,4.35,361479.3
1999,4.25,Ohio,7,1,11256.654,4.325,375797.2
2000,4.25,Ohio,6.8,1,11363.543,4.1167,391032.3
2001,4.25,Ohio,6.8,1,11387.404,4.375,395864.2
2002,4.25,Ohio,6.8,1,11407.889,5.7917,411191.1
2003,4.25,Ohio,6.8,1,11434.788,6.2167,425530.7
2004,4.25,Ohio,6.8,1,11452.251,6.25,447813.3
2005,4.25,Ohio,6.8,1,11463.320,5.9333,470179.5
2006,4.25,Ohio,6.8,1,11481.213,5.4167,482904
2007,6.85,Ohio,6.8,1,11500.468,5.6083,497600.1
2008,7,Ohio,6.8,1,11515.391,6.6,500916.4
2009,7.3,Ohio,6.8,1,11528.896,10.1417,484407.1
2010,7.3,Ohio,0,0,11539.449,10.2667,500274.2
2011,7.4,Ohio,0,0,11545.735,8.8167,525456.4
2012,7.7,Ohio,0,0,11550.971,7.4083,543035.4
2013,7.85,Ohio,0,0,11579.692,7.4583,566419.9
2014,7.95,Ohio,0,0,11606.573,5.8,597152.3
2015,8.1,Ohio,0,0,11622.315,4.95,615275.5
2016,8.1,Ohio,0,0,11640.060,5.075,627294.7
2017,8.15,Ohio,0,0,11665.706,4.9667,652187.5
2018,8.3,Ohio,0,0,11680.892,4.5,672540.1
2019,8.55,Ohio,0,0,11696.507,4.175,702914.8
2020,8.70,Ohio,0,0,11798.292,8.2667,692683.7
2021,8.80,Ohio,0,0,11765.227,5.1583,763595.8
2022,9.30,Ohio,0,0,11759.697,3.9917,832660.7
2023,10.10,Ohio,0,0,11785.935,3.525,884834.2
1997,4.75,Oklahoma,6,0,3314.259,3.9583,79293.7
1998,5.15,Oklahoma,6,0,3339.478,4.075,81778.6
1999,5.15,Oklahoma,6,0,3358.044,3.4667,84785.6
2000,5.15,Oklahoma,6,0,3454.365,2.9917,91645.7
2001,5.15,Oklahoma,6,0,3467.100,3.625,97505.3
2002,5.15,Oklahoma,6,0,3489.080,4.625,99916.9
2003,5.15,Oklahoma,6,0,3504.892,5.4083,106175.1
2004,5.15,Oklahoma,6,0,3525.233,4.7083,114237.5
2005,5.15,Oklahoma,6,0,3548.597,4.325,125961.4
2006,5.15,Oklahoma,6,0,3594.090,3.9167,138352.3
2007,5.15,Oklahoma,6,0,3634.349,3.9667,146582.4
2008,5.85,Oklahoma,6,0,3668.976,3.6167,161609
2009,6.55,Oklahoma,6,0,3717.572,6.5583,147332.4
2010,7.25,Oklahoma,6,0,3760.014,6.5,155267.5
2011,7.25,Oklahoma,6,0,3788.824,5.5917,167207.9
2012,7.25,Oklahoma,6,0,3819.320,5.1167,175361.2
2013,7.25,Oklahoma,6,0,3853.891,5.1167,184104.6
2014,7.25,Oklahoma,6,0,3879.187,4.3333,197074.1
2015,7.25,Oklahoma,6,0,3910.518,4.2917,187364.7
2016,7.25,Oklahoma,6,0,3928.143,4.6583,182238.8
2017,7.25,Oklahoma,6,0,3933.602,4.0333,192538.6
2018,7.25,Oklahoma,6,0,3943.488,3.2917,204193.9
2019,7.25,Oklahoma,6,0,3960.676,3.125,205992.7
2020,7.25,Oklahoma,6,0,3965.234,6.3083,192516.2
2021,7.25,Oklahoma,6,0,3991.634,4.0333,217786.5
2022,7.25,Oklahoma,4,0,4019.271,3.0417,245976.2
2023,7.25,Oklahoma,4,0,4053.824,3.2167,256689.4
1997,5.5,Oregon,6.6,0,3243.254,5.55,101418.2
1998,6,Oregon,6.6,0,3282.055,5.6417,105016.4
1999,6,Oregon,6.6,0,3316.154,5.4667,107513.2
2000,6.5,Oregon,6.6,0,3429.708,5.1917,117057.2
2001,6.5,Oregon,6.6,0,3467.937,6.375,117002.4
2002,6.5,Oregon,6.6,0,3513.424,7.475,120556.1
2003,6.9,Oregon,6.6,0,3547.376,8.0167,126822.1
2004,7.05,Oregon,6.6,0,3569.463,7.3417,136495.9
2005,7.25,Oregon,6.6,0,3613.202,6.1917,143556.3
2006,7.5,Oregon,6.6,0,3670.883,5.3917,153779.6
2007,7.8,Oregon,6.6,0,3722.417,5.1583,159676.2
2008,7.95,Oregon,6.6,0,3768.748,6.275,164122.9
2009,8.4,Oregon,6.6,0,3808.600,10.7917,159330.4
2010,8.4,Oregon,7.25,1,3837.614,10.6917,163150.5
2011,8.5,Oregon,7.1,1,3872.672,9.6083,169693.8
2012,8.8,Oregon,7.1,1,3900.102,8.8083,173856.8
2013,8.95,Oregon,7.1,1,3924.110,7.75,178975.4
2014,9.1,Oregon,7.1,1,3965.447,6.6417,187837.6
2015,9.25,Oregon,7.1,1,4018.542,5.4667,200592.6
2016,9.75,Oregon,7.1,1,4093.271,4.75,211782.4
2017,10.25,Oregon,7.1,1,4147.294,4.0583,225534.5
2018,10.75,Oregon,7.1,1,4183.538,4.0417,238466.9
2019,11.25,Oregon,7.1,1,4216.116,3.725,248781.8
2020,12.00,Oregon,7.1,1,4245.044,7.6,251577.7
2021,12.75,Oregon,7.1,1,4256.465,5.15,275653.1
2022,13.50,Oregon,7.1,1,4239.379,3.9167,298848
2023,13.50,Oregon,7.1,1,4233.358,3.7083,318884.1
1997,4.75,Pennsylvania,9.99,0,12015.888,5.1417,357525.6
1998,5.15,Pennsylvania,9.99,0,12002.329,4.6917,373515
1999,5.15,Pennsylvania,9.99,0,11994.016,4.4917,391136.1
2000,5.15,Pennsylvania,9.99,0,12284.173,4.225,409330.2
2001,5.15,Pennsylvania,9.99,0,12298.970,4.8083,428463.7
2002,5.15,Pennsylvania,9.99,0,12331.031,5.5333,440887.5
2003,5.15,Pennsylvania,9.9,0,12374.658,5.7,460478.3
2004,5.15,Pennsylvania,9.99,0,12410.722,5.3583,486384.5
2005,5.15,Pennsylvania,9.99,0,12449.990,4.9833,510763.9
2006,5.15,Pennsylvania,9.99,0,12510.809,4.7083,528771.2
2007,6.25,Pennsylvania,9.99,0,12563.937,4.5583,563238.6
2008,7.15,Pennsylvania,9.99,0,12612.285,5.35,586886.6
2009,7.15,Pennsylvania,9.99,0,12666.858,7.975,581219.9
2010,7.25,Pennsylvania,9.99,0,12711.406,8.1667,604629.6
2011,7.25,Pennsylvania,9.99,0,12747.052,7.7417,623767.9
2012,7.25,Pennsylvania,9.99,0,12769.123,7.6583,646434.3
2013,7.25,Pennsylvania,9.99,0,12779.538,7.1,670767.4
2014,7.25,Pennsylvania,9.99,0,12792.392,5.9333,695546.6
2015,7.25,Pennsylvania,9.99,0,12789.838,5.3917,716534.3
2016,7.25,Pennsylvania,9.99,0,12788.468,5.3417,733165.9
2017,7.25,Pennsylvania,9.99,0,12794.679,4.975,754318
2018,7.25,Pennsylvania,9.99,0,12809.107,4.4167,780620.7
2019,7.25,Pennsylvania,9.99,0,12798.883,4.3,802233.1
2020,7.25,Pennsylvania,9.99,0,12995.477,8.875,777000.8
2021,7.25,Pennsylvania,9.99,0,13013.614,5.925,844431.8
2022,7.25,Pennsylvania,9.99,0,12972.091,4.05,919741.1
2023,7.25,Pennsylvania,8.99,0,12961.683,3.4083,976360.8
1997,5.15,Rhode Island,9,0,986.966,5.325,28963.2
1998,5.15,Rhode Island,9,0,987.704,4.5417,30835.3
1999,5.15,Rhode Island,9,0,990.819,4.2,32340
2000,5.65,Rhode Island,9,0,1050.268,4,34608.5
2001,6.15,Rhode Island,9,0,1057.142,4.4417,35940.1
2002,6.15,Rhode Island,9,0,1065.995,5.1083,37891.2
2003,6.15,Rhode Island,9,0,1071.342,5.575,39787.1
2004,6.75,Rhode Island,9,0,1074.579,5.25,42578.2
2005,6.75,Rhode Island,9,0,1067.916,5.1083,44413.3
2006,6.75,Rhode Island,9,0,1063.096,5.2167,47165.3
2007,7.4,Rhode Island,9,0,1057.315,5.1083,47490.1
2008,7.4,Rhode Island,9,0,1055.003,7.6,47138.9
2009,7.4,Rhode Island,9,0,1053.646,11.3917,47647.2
2010,7.4,Rhode Island,9,0,1053.994,11.625,49409.1
2011,7.4,Rhode Island,9,0,1053.829,11.0167,50123.7
2012,7.4,Rhode Island,9,0,1054.893,10.2167,51527.5
2013,7.75,Rhode Island,9,0,1055.560,9.475,52994.2
2014,8,Rhode Island,9,0,1056.511,7.7667,54612.5
2015,9,Rhode Island,7,0,1056.886,6.025,56604
2016,9.6,Rhode Island,7,0,1057.816,5.2417,57714.6
2017,9.6,Rhode Island,7,0,1056.554,4.5083,58771.6
2018,10.1,Rhode Island,7,0,1059.338,4.0333,60064.9
2019,10.5,Rhode Island,7,0,1058.158,3.5333,62814.7
2020,10.50,Rhode Island,7,0,1096.444,9.2417,62124.9
2021,11.50,Rhode Island,7,0,1097.092,5.5167,67228.3
2022,12.25,Rhode Island,7,0,1093.842,3.1667,72869.2
2023,13.00,Rhode Island,7,0,1095.962,2.9417,77573.9
1997,4.75,South Carolina,5,0,3790.066,4.5,97453.8
1998,5.15,South Carolina,5,0,3839.578,3.6333,103688.6
1999,5.15,South Carolina,5,0,3885.736,4.1417,110312.9
2000,5.15,South Carolina,5,0,4024.223,3.7333,115332.7
2001,5.15,South Carolina,5,0,4064.995,5.2833,119355.2
2002,5.15,South Carolina,5,0,4107.795,6.4333,124765.2
2003,5.15,South Carolina,5,0,4150.297,7.1917,131509.1
2004,5.15,South Carolina,5,0,4210.921,7.4417,136679.9
2005,5.15,South Carolina,5,0,4270.150,7.2917,145195.8
2006,5.15,South Carolina,5,0,4357.847,6.875,153453.4
2007,5.15,South Carolina,5,0,4444.110,6.0667,162476.3
2008,5.85,South Carolina,5,0,4528.996,7.2917,164471.2
2009,6.55,South Carolina,5,0,4589.872,11.4083,162380.4
2010,7.25,South Carolina,5,0,4635.846,11.3,166767.4
2011,7.25,South Carolina,5,0,4672.655,10.45,172844.7
2012,7.25,South Carolina,5,0,4719.027,9.0333,178503.9
2013,7.25,South Carolina,5,0,4766.469,7.425,186268.3
2014,7.25,South Carolina,5,0,4826.858,6.275,195744.4
2015,7.25,South Carolina,5,0,4896.006,5.9,207510
2016,7.25,South Carolina,5,0,4963.031,4.9167,217555.5
2017,7.25,South Carolina,5,0,5027.102,4.2,224937.6
2018,7.25,South Carolina,5,0,5091.702,3.375,236561.7
2019,7.25,South Carolina,5,0,5157.702,2.7667,249575.7
2020,7.25,South Carolina,5,0,5132.151,5.9667,249430.2
2021,7.25,South Carolina,5,0,5193.848,3.9417,272384.7
2022,7.25,South Carolina,5,0,5282.955,3.2083,301945.1
2023,7.25,South Carolina,5,0,5373.555,2.95,327420.1
1997,4.25,South Dakota,0,0,730.855,2.9417,19062.3
1998,5.15,South Dakota,0,0,730.789,2.8417,20257.8
1999,5.15,South Dakota,0,0,733.133,2.725,21181.8
2000,5.15,South Dakota,0,0,755.844,2.5333,22866.7
2001,5.15,South Dakota,0,0,757.972,3,23626.9
2002,5.15,South Dakota,0,0,760.020,3.2333,26343.5
2003,5.15,South Dakota,0,0,763.729,3.475,27305
2004,5.15,South Dakota,0,0,770.396,3.6083,29380.9
2005,5.15,South Dakota,0,0,775.493,3.55,31104.3
2006,5.15,South Dakota,0,0,783.033,3,32559.3
2007,5.15,South Dakota,0,0,791.623,2.825,35282.6
2008,5.85,South Dakota,0,0,799.124,3.0833,36939.3
2009,6.55,South Dakota,0,0,807.067,4.5833,36732.1
2010,7.25,South Dakota,0,0,816.193,4.9083,38208.2
2011,7.25,South Dakota,0,0,823.740,4.6,42082.7
2012,7.25,South Dakota,6.5,0,833.859,4.0583,44127.3
2013,7.25,South Dakota,0,0,842.751,3.7,45498.6
2014,7.25,South Dakota,0,0,849.670,3.3333,47159.9
2015,8.5,South Dakota,0,0,854.663,3.05,48678.9
2016,8.55,South Dakota,0,0,863.693,3.0167,49842.6
2017,8.65,South Dakota,0,0,873.732,3.05,51615.1
2018,8.85,South Dakota,0,0,879.386,2.7917,53349.5
2019,9.1,South Dakota,0,0,887.127,2.7667,55175.8
2020,9.30,South Dakota,0,0,887.852,4.1833,56254.4
2021,9.45,South Dakota,0,0,896.299,2.6167,62984.8
2022,9.95,South Dakota,0,0,909.869,1.9917,69069.3
2023,10.80,South Dakota,0,0,919.318,2,74033.9
1997,4.75,Tennessee,6,0,5378.433,5.2667,154861.9
1998,5.15,Tennessee,6,0,5432.679,4.35,167783
1999,5.15,Tennessee,6,0,5483.535,3.9583,176467.2
2000,5.15,Tennessee,6,0,5703.719,3.8667,182209.7
2001,5.15,Tennessee,6,0,5750.789,4.5167,185917.2
2002,5.15,Tennessee,6,0,5795.918,5.125,195386.1
2003,5.15,Tennessee,6.5,0,5847.812,5.5083,204665.9
2004,5.15,Tennessee,6.5,0,5910.809,5.35,219862.4
2005,5.15,Tennessee,6.5,0,5991.057,5.525,231339
2006,5.15,Tennessee,6.5,0,6088.766,5.275,243104.4
2007,5.15,Tennessee,6.5,0,6175.727,4.6333,248261.6
2008,5.85,Tennessee,6.5,0,6247.411,6.5167,255546.7
2009,6.55,Tennessee,6.5,0,6306.019,10.1167,252940.7
2010,7.25,Tennessee,6.5,0,6355.518,9.825,258657.6
2011,7.25,Tennessee,6.5,0,6400.298,9.1083,270055
2012,7.25,Tennessee,0,0,6455.752,7.9583,285897.5
2013,7.25,Tennessee,6.5,0,6496.943,7.725,296756.3
2014,7.25,Tennessee,6.5,0,6544.617,6.6,307448.5
2015,7.25,Tennessee,6.5,0,6595.354,5.5667,326382.5
2016,7.25,Tennessee,6.5,0,6651.277,4.7583,339350.2
2017,7.25,Tennessee,6.5,0,6714.748,3.75,355417.5
2018,7.25,Tennessee,6.5,0,6778.180,3.5,369713.2
2019,7.25,Tennessee,6.5,0,6830.325,3.3333,385833
2020,7.25,Tennessee,6.5,0,6926.091,7.5083,391563.2
2021,7.25,Tennessee,6.5,0,6963.709,4.4667,441952.5
2022,7.25,Tennessee,6.5,0,7048.976,3.3833,488670.1
2023,7.25,Tennessee,6.5,0,7126.489,3.2917,523031.6
1997,3.35,Texas,0,0,19355.427,5.3917,610659.8
1998,3.35,Texas,0,0,19712.389,4.9667,648243.1
1999,3.35,Texas,0,0,20044.141,4.725,683347.4
2000,3.35,Texas,0,0,20944.499,4.3833,742161.5
2001,3.35,Texas,0,0,21319.622,4.9583,780206.2
2002,5.15,Texas,0,0,21690.325,6.3583,796357.3
2003,5.15,Texas,0,0,22030.931,6.7333,840860.8
2004,5.15,Texas,0,0,22394.023,6.0167,921230.7
2005,5.15,Texas,0,0,22778.123,5.4583,1003745.9
2006,5.15,Texas,0,0,23359.580,5,1108236.5
2007,5.15,Texas,0,0,23831.983,4.3667,1198565
2008,5.85,Texas,0,0,24309.039,4.8667,1253142
2009,6.55,Texas,0,0,24801.761,7.5417,1179168.1
2010,7.25,Texas,0,0,25241.897,8.1917,1255660.8
2011,7.25,Texas,0,0,25645.504,8.0167,1351776.9
2012,7.25,Texas,0,0,26084.120,6.7083,1429588
2013,7.25,Texas,0,0,26479.646,6.3,1526781.9
2014,7.25,Texas,0,0,26963.092,5.1917,1592177.6
2015,7.25,Texas,0,0,27468.531,4.4833,1585985.9
2016,7.25,Texas,0,0,27914.064,4.65,1582981.5
2017,7.25,Texas,0,0,28291.024,4.3417,1667313
2018,7.25,Texas,0,0,28624.564,3.9,1808026.9
2019,7.25,Texas,0,0,28986.794,3.525,1864872.3
2020,7.25,Texas,0,0,29234.361,7.725,1802143.7
2021,7.25,Texas,0,0,29561.286,5.6417,2088972.3
2022,7.25,Texas,0,0,30029.848,3.9417,2436925
2023,7.25,Texas,0,0,30503.301,3.95,2583866.2
1997,4.75,Utah,5,0,2065.397,3.1667,57812
1998,5.15,Utah,5,0,2100.562,3.5583,62070.1
1999,5.15,Utah,5,0,2129.836,3.5083,65773.4
2000,5.15,Utah,5,0,2244.502,3.325,70056.3
2001,5.15,Utah,5,0,2283.715,4.3667,73042.5
2002,5.15,Utah,5,0,2324.815,5.6667,76289.4
2003,5.15,Utah,5,0,2360.137,5.5667,79504.7
2004,5.15,Utah,5,0,2401.580,5.0083,86766.7
2005,5.15,Utah,5,0,2457.719,4.0417,95512
2006,5.15,Utah,5,0,2525.507,2.8667,106787.1
2007,5.15,Utah,5,0,2597.746,2.5583,115180.7
2008,5.85,Utah,5,0,2663.029,3.3417,116949.2
2009,6.55,Utah,5,0,2723.421,7.2583,113834.8
2010,7.25,Utah,5,0,2775.413,7.9333,118296.3
2011,7.25,Utah,5,0,2814.797,7.0583,125137.8
2012,7.25,Utah,5,0,2854.146,4.775,129431.4
2013,7.25,Utah,5,0,2898.773,4.2083,135344.3
2014,7.25,Utah,5,0,2938.327,3.6333,142627.7
2015,7.25,Utah,5,0,2983.626,3.5083,149762.1
2016,7.25,Utah,5,0,3044.241,3.35,159330.6
2017,7.25,Utah,5,0,3103.540,3.1667,172075
2018,7.25,Utah,5,0,3155.153,2.9167,186805.7
2019,7.25,Utah,4.95,0,3203.383,2.5417,201312.2
2020,7.25,Utah,4.95,0,3283.982,4.8417,205647.9
2021,7.25,Utah,4.95,0,3339.284,2.7583,232561.9
2022,7.25,Utah,4.95,0,3381.236,2.3583,261080.8
2023,7.25,Utah,4.85,0,3417.734,2.6417,281329.1
1997,4.75,Virginia,6,0,6732.878,3.7,215419.2
1998,5.15,Virginia,6,0,6789.225,2.775,232569.9
1999,5.15,Virginia,6,0,6872.912,2.7,250171.3
2000,5.15,Virginia,6,0,7105.817,2.2833,268608.7
2001,5.15,Virginia,6,0,7198.362,3.2833,285663.4
2002,5.15,Virginia,6,0,7286.873,4.3583,294929.1
2003,5.15,Virginia,6,0,7366.977,4.3417,311093.1
2004,5.15,Virginia,6,0,7475.575,4.0833,331815.8
2005,5.15,Virginia,6,0,7577.105,3.825,357427
2006,5.15,Virginia,6,0,7673.725,3.3417,376429.4
2007,5.15,Virginia,6,0,7751.000,3.2833,391595.5
2008,5.85,Virginia,6,0,7833.496,4.275,402157.8
2009,6.55,Virginia,6,0,7925.937,6.8333,409935.3
2010,7.25,Virginia,6,0,8024.004,7.2917,425490.8
2011,7.25,Virginia,6,0,8102.437,6.5417,433683.7
2012,7.25,Virginia,6,0,8187.456,5.95,445008.5
2013,7.25,Virginia,6,0,8255.861,5.55,456911.6
2014,7.25,Virginia,6,0,8315.430,5.1167,465601.7
2015,7.25,Virginia,6,0,8367.303,4.3667,485540.9
2016,7.25,Virginia,6,0,8417.651,4,499032.4
2017,7.25,Virginia,6,0,8471.011,3.6667,515167.2
2018,7.25,Virginia,6,0,8510.920,3.0083,537158.3
2019,7.25,Virginia,6,0,8556.642,2.7583,561701.8
2020,7.25,Virginia,6,0,8637.193,6.4917,565466.8
2021,9.50,Virginia,6,0,8657.348,3.85,615984.7
2022,11.00,Virginia,6,0,8679.099,2.7583,666681.8
2023,12.00,Virginia,6,0,8715.698,2.85,719896.9
1997,5,Vermont,6.875,1,588.665,3.9417,15443.4
1998,5.25,Vermont,8.375,1,590.579,3.4667,16197.7
1999,5.25,Vermont,8.375,1,593.740,3.075,17314.8
2000,5.75,Vermont,8.375,1,609.618,2.8083,18492.9
2001,6.25,Vermont,8.375,1,612.223,3.2917,19467.1
2002,6.25,Vermont,8.375,1,615.442,3.8333,20383.5
2003,6.25,Vermont,8.375,1,617.858,4.3833,21398.5
2004,6.75,Vermont,8.375,1,619.920,3.675,22986.3
2005,7,Vermont,8.375,1,621.215,3.45,23763
2006,7.25,Vermont,8.375,1,622.892,3.7167,24507.1
2007,7.53,Vermont,7.25,1,623.481,3.9417,25025.2
2008,7.68,Vermont,7.25,1,624.151,4.5667,26140.4
2009,8.06,Vermont,6.25,1,624.817,6.1667,26220
2010,8.06,Vermont,7.25,1,625.886,6.3167,27478.3
2011,8.15,Vermont,7.25,1,627.197,5.5667,28558.5
2012,8.46,Vermont,7.25,1,626.361,4.8167,29325.6
2013,8.6,Vermont,7.25,1,626.603,4.4167,29477.6
2014,8.73,Vermont,7.25,1,625.693,3.9917,30359.4
2015,9.15,Vermont,7.25,1,625.810,3.5333,31152.4
2016,9.6,Vermont,6.25,1,624.366,3.125,31840.2
2017,10,Vermont,7.25,1,625.132,3.0083,32589.2
2018,10.5,Vermont,7.25,1,624.802,2.4833,33482.6
2019,10.78,Vermont,7.25,1,624.046,2.0667,34760.3
2020,10.96,Vermont,7.25,1,642.936,5.6583,34414.9
2021,11.75,Vermont,7.25,1,647.093,3.5833,37438.8
2022,12.55,Vermont,7.25,1,647.110,2.325,41011.6
2023,13.18,Vermont,7.25,1,647.464,2.0083,43533.8
1997,4.9,Washington,0,0,5604.105,4.9417,193769.5
1998,4.9,Washington,0,0,5687.832,4.8333,209222.5
1999,4.9,Washington,0,0,5756.361,4.825,229678.9
2000,6.5,Washington,0,0,5910.512,5.0917,237594
2001,6.72,Washington,0,0,5985.722,6.0083,237978.2
2002,6.9,Washington,0,0,6052.349,7.075,245629.8
2003,7.01,Washington,0,0,6104.115,7.2333,254720.2
2004,7.16,Washington,0,0,6178.645,6.3,267423.9
2005,7.35,Washington,0,0,6257.305,5.5917,293402
2006,7.63,Washington,0,0,6370.753,5,314190.8
2007,7.93,Washington,0,0,6461.587,4.6,341712.3
2008,8.07,Washington,0,0,6562.231,5.2917,352460.7
2009,8.55,Washington,0,0,6667.426,8.2667,349945.4
2010,8.55,Washington,0,0,6743.009,9.1333,363544.2
2011,8.67,Washington,0,0,6827.479,8.525,377518.8
2012,9.04,Washington,0,0,6898.599,7.6417,398358.5
2013,9.19,Washington,0,0,6966.252,6.6333,416924.1
2014,9.32,Washington,0,0,7057.531,5.925,439851.2
2015,9.47,Washington,0,0,7167.287,5.4333,467590.6
2016,9.47,Washington,0,0,7299.961,5.225,489790.2
2017,11,Washington,0,0,7427.951,4.6417,527169.4
2018,11.5,Washington,0,0,7526.793,4.425,570337.8
2019,12,Washington,0,0,7614.024,4.1917,608643.4
2020,13.50,Washington,0,0,7724.566,8.5333,620132.9
2021,13.69,Washington,0,0,7741.433,5.2417,687702.3
2022,14.49,Washington,0,0,7784.477,4.0667,742909.5
2023,15.74,Washington,0,0,7812.880,4.075,807864.5
1997,4.75,Wisconsin,7.9,0,5200.235,3.475,153536.2
1998,5.15,Wisconsin,7.9,0,5222.124,3.2833,163021.5
1999,5.15,Wisconsin,7.9,0,5250.446,3.075,172928.5
2000,5.15,Wisconsin,7.9,0,5373.999,3.3917,180883.1
2001,5.15,Wisconsin,7.9,0,5406.835,4.4333,188662.8
2002,5.15,Wisconsin,7.9,0,5445.162,5.325,195541.5
2003,5.15,Wisconsin,7.9,0,5479.203,5.6167,203814
2004,5.15,Wisconsin,7.9,0,5514.026,4.975,216370.4
2005,5.15,Wisconsin,7.9,0,5546.166,4.7417,226937.5
2006,5.7,Wisconsin,7.9,0,5577.655,4.675,237571.9
2007,6.5,Wisconsin,7.9,0,5610.775,4.825,245837.7
2008,6.5,Wisconsin,7.9,0,5640.996,4.9833,246493
2009,6.5,Wisconsin,7.9,0,5669.264,8.9583,246323.8
2010,7.25,Wisconsin,7.9,0,5690.538,8.5,256159.5
2011,7.25,Wisconsin,7.9,0,5705.840,7.5333,265444
2012,7.25,Wisconsin,7.9,0,5720.825,6.925,276253.4
2013,7.25,Wisconsin,7.9,0,5738.012,6.6417,283791.4
2014,7.25,Wisconsin,7.9,0,5753.199,5.35,296169.9
2015,7.25,Wisconsin,7.9,0,5762.927,4.425,308304.5
2016,7.25,Wisconsin,7.9,0,5775.170,3.9083,315420
2017,7.25,Wisconsin,7.9,0,5793.147,3.2583,321886.8
2018,7.25,Wisconsin,7.9,0,5809.319,2.975,335144.3
2019,7.25,Wisconsin,7.9,0,5824.581,3.2083,346906.6
2020,7.25,Wisconsin,7.9,0,5896.700,6.4583,343272.2
2021,7.25,Wisconsin,7.9,0,5879.978,3.8583,368880.4
2022,7.25,Wisconsin,7.9,0,5890.543,2.8917,400621.4
2023,7.25,Wisconsin,7.9,0,5910.955,3.05,428447.1
1997,4.25,West Virginia,9,0,1815.588,6.9833,38781.2
1998,4.75,West Virginia,9,0,1811.688,6.6833,40258.9
1999,4.75,West Virginia,9,0,1806.928,6.45,41942.2
2000,5.15,West Virginia,9,0,1807.021,5.575,42620.7
2001,5.15,West Virginia,9,0,1801.481,5.3917,44105.1
2002,5.15,West Virginia,9,0,1805.414,6.4583,45627.4
2003,5.15,West Virginia,9,0,1812.295,6.5667,47230.4
2004,5.15,West Virginia,9,0,1816.438,5.7667,49865.9
2005,5.15,West Virginia,9,0,1820.492,5.425,53814.3
2006,5.15,West Virginia,9,0,1827.912,5.2,57204.1
2007,5.85,West Virginia,9,0,1834.052,4.825,59480.4
2008,6.55,West Virginia,8.5,0,1840.310,4.75,62978.7
2009,7.25,West Virginia,8.5,0,1847.775,8.3,64040.1
2010,7.25,West Virginia,8.5,0,1854.265,8.6333,66160.4
2011,7.25,West Virginia,8.5,0,1856.606,7.825,69367.6
2012,7.25,West Virginia,7.5,0,1857.446,7.2583,70303.1
2013,7.25,West Virginia,7,0,1854.768,6.7167,71758.6
2014,7.25,West Virginia,6.5,0,1850.569,6.5,73042.6
2015,8,West Virginia,6.5,0,1843.332,6.5833,71713.4
2016,8.75,West Virginia,6.5,0,1832.435,6.0917,71248.9
2017,8.75,West Virginia,6.5,0,1818.683,5.2083,75172.4
2018,8.75,West Virginia,6.5,0,1805.953,5.1667,79794.3
2019,8.75,West Virginia,6.5,0,1795.263,4.925,80242.4
2020,8.75,West Virginia,6.5,0,1791.562,8.2833,77430.9
2021,8.75,West Virginia,9.5,0,1785.249,5.15,86550.5
2022,8.75,West Virginia,6.5,0,1774.035,3.875,98290
2023,8.75,West Virginia,6.5,0,1770.071,3.9083,102151.8
1997,1.6,Wyoming,0,0,480.031,4.7833,14673
1998,1.6,Wyoming,0,0,480.045,4.7917,14833.2
1999,1.6,Wyoming,0,0,479.602,4.7083,15685.7
2000,1.6,Wyoming,0,0,494.300,3.75,17153.7
2001,1.6,Wyoming,0,0,494.657,3.8167,18741.7
2002,5.15,Wyoming,0,0,500.017,4.0083,19160.8
2003,5.15,Wyoming,0,0,503.453,4.325,21199
2004,5.15,Wyoming,0,0,509.106,3.8417,23418.1
2005,5.15,Wyoming,0,0,514.157,3.5417,27530.2
2006,5.15,Wyoming,0,0,522.667,3.0083,32692.2
2007,5.15,Wyoming,0,0,534.876,2.6917,36912.8
2008,5.15,Wyoming,0,0,546.043,2.9333,42694.6
2009,5.15,Wyoming,0,0,559.851,6.2583,36282.2
2010,5.15,Wyoming,0,0,564.531,6.9417,37567.5
2011,5.15,Wyoming,0,0,567.491,6.1333,39615.1
2012,5.15,Wyoming,0,0,576.656,5.5,38679.3
2013,5.15,Wyoming,0,0,582.620,4.7333,39365.6
2014,5.15,Wyoming,0,0,583.159,4.3417,40573.9
2015,5.15,Wyoming,0,0,586.389,4.2083,38624.8
2016,5.15,Wyoming,0,0,585.243,5.3333,36105.9
2017,5.15,Wyoming,0,0,579.994,4.325,37620.3
2018,5.15,Wyoming,0,0,579.054,4.0583,39614.5
2019,7.25,Wyoming,0,0,580.116,3.7083,40029.5
2020,7.25,Wyoming,0,0,577.664,5.8583,36709.6
2021,7.25,Wyoming,0,0,579.548,4.5417,42319.1
2022,7.25,Wyoming,0,0,581.629,3.4167,49782.6
2023,7.25,Wyoming,0,0,584.057,2.9167,51990.5
